Copyright 1986-2022 Xilinx, Inc. All Rights Reserved. Copyright 2022-2023 Advanced Micro Devices, Inc. All Rights Reserved.
------------------------------------------------------------------------------------------------------------------------------------------------------------------------------------------------------------------------------------------------
| Tool Version : Vivado v.2023.2 (win64) Build 4029153 Fri Oct 13 20:14:34 MDT 2023
| Date         : Tue May 26 21:53:25 2026
| Host         : LAPTOP-5U270298 running 64-bit major release  (build 9200)
| Command      : report_timing_summary -max_paths 10 -report_unconstrained -file whack_a_mole_game_timing_summary_routed.rpt -pb whack_a_mole_game_timing_summary_routed.pb -rpx whack_a_mole_game_timing_summary_routed.rpx -warn_on_violation
| Design       : whack_a_mole_game
| Device       : 7a200t-fbg484
| Speed File   : -2  PRODUCTION 1.23 2018-06-13
| Design State : Routed
------------------------------------------------------------------------------------------------------------------------------------------------------------------------------------------------------------------------------------------------

Timing Summary Report

------------------------------------------------------------------------------------------------
| Timer Settings
| --------------
------------------------------------------------------------------------------------------------

  Enable Multi Corner Analysis               :  Yes
  Enable Pessimism Removal                   :  Yes
  Pessimism Removal Resolution               :  Nearest Common Node
  Enable Input Delay Default Clock           :  No
  Enable Preset / Clear Arcs                 :  No
  Disable Flight Delays                      :  No
  Ignore I/O Paths                           :  No
  Timing Early Launch at Borrowing Latches   :  No
  Borrow Time for Max Delay Exceptions       :  Yes
  Merge Timing Exceptions                    :  Yes
  Inter-SLR Compensation                     :  Conservative

  Corner  Analyze    Analyze    
  Name    Max Paths  Min Paths  
  ------  ---------  ---------  
  Slow    Yes        Yes        
  Fast    Yes        Yes        


------------------------------------------------------------------------------------------------
| Report Methodology
| ------------------
------------------------------------------------------------------------------------------------

Rule       Severity  Description                    Violations  
---------  --------  -----------------------------  ----------  
TIMING-18  Warning   Missing input or output delay  23          

Note: This report is based on the most recent report_methodology run and may not be up-to-date. Run report_methodology on the current design for the latest report.



check_timing report

Table of Contents
-----------------
1. checking no_clock (0)
2. checking constant_clock (0)
3. checking pulse_width_clock (0)
4. checking unconstrained_internal_endpoints (0)
5. checking no_input_delay (5)
6. checking no_output_delay (18)
7. checking multiple_clock (0)
8. checking generated_clocks (0)
9. checking loops (0)
10. checking partial_input_delay (0)
11. checking partial_output_delay (0)
12. checking latch_loops (0)

1. checking no_clock (0)
------------------------
 There are 0 register/latch pins with no clock.


2. checking constant_clock (0)
------------------------------
 There are 0 register/latch pins with constant_clock.


3. checking pulse_width_clock (0)
---------------------------------
 There are 0 register/latch pins which need pulse_width check


4. checking unconstrained_internal_endpoints (0)
------------------------------------------------
 There are 0 pins that are not constrained for maximum delay.

 There are 0 pins that are not constrained for maximum delay due to constant clock.


5. checking no_input_delay (5)
------------------------------
 There are 5 input ports with no input delay specified. (HIGH)

 There are 0 input ports with no input delay but user has a false path constraint.


6. checking no_output_delay (18)
--------------------------------
 There are 18 ports with no output delay specified. (HIGH)

 There are 0 ports with no output delay but user has a false path constraint

 There are 0 ports with no output delay but with a timing clock defined on it or propagating through it


7. checking multiple_clock (0)
------------------------------
 There are 0 register/latch pins with multiple clocks.


8. checking generated_clocks (0)
--------------------------------
 There are 0 generated clocks that are not connected to a clock source.


9. checking loops (0)
---------------------
 There are 0 combinational loops in the design.


10. checking partial_input_delay (0)
------------------------------------
 There are 0 input ports with partial input delay specified.


11. checking partial_output_delay (0)
-------------------------------------
 There are 0 ports with partial output delay specified.


12. checking latch_loops (0)
----------------------------
 There are 0 combinational latch loops in the design through latch input



------------------------------------------------------------------------------------------------
| Design Timing Summary
| ---------------------
------------------------------------------------------------------------------------------------

    WNS(ns)      TNS(ns)  TNS Failing Endpoints  TNS Total Endpoints      WHS(ns)      THS(ns)  THS Failing Endpoints  THS Total Endpoints     WPWS(ns)     TPWS(ns)  TPWS Failing Endpoints  TPWS Total Endpoints  
    -------      -------  ---------------------  -------------------      -------      -------  ---------------------  -------------------     --------     --------  ----------------------  --------------------  
     14.916        0.000                      0                  323        0.171        0.000                      0                  323        9.500        0.000                       0                   184  


All user specified timing constraints are met.


------------------------------------------------------------------------------------------------
| Clock Summary
| -------------
------------------------------------------------------------------------------------------------

Clock        Waveform(ns)       Period(ns)      Frequency(MHz)
-----        ------------       ----------      --------------
sys_clk_pin  {0.000 10.000}     20.000          50.000          


------------------------------------------------------------------------------------------------
| Intra Clock Table
| -----------------
------------------------------------------------------------------------------------------------

Clock             WNS(ns)      TNS(ns)  TNS Failing Endpoints  TNS Total Endpoints      WHS(ns)      THS(ns)  THS Failing Endpoints  THS Total Endpoints     WPWS(ns)     TPWS(ns)  TPWS Failing Endpoints  TPWS Total Endpoints  
-----             -------      -------  ---------------------  -------------------      -------      -------  ---------------------  -------------------     --------     --------  ----------------------  --------------------  
sys_clk_pin        14.916        0.000                      0                  323        0.171        0.000                      0                  323        9.500        0.000                       0                   184  


------------------------------------------------------------------------------------------------
| Inter Clock Table
| -----------------
------------------------------------------------------------------------------------------------

From Clock    To Clock          WNS(ns)      TNS(ns)  TNS Failing Endpoints  TNS Total Endpoints      WHS(ns)      THS(ns)  THS Failing Endpoints  THS Total Endpoints  
----------    --------          -------      -------  ---------------------  -------------------      -------      -------  ---------------------  -------------------  


------------------------------------------------------------------------------------------------
| Other Path Groups Table
| -----------------------
------------------------------------------------------------------------------------------------

Path Group    From Clock    To Clock          WNS(ns)      TNS(ns)  TNS Failing Endpoints  TNS Total Endpoints      WHS(ns)      THS(ns)  THS Failing Endpoints  THS Total Endpoints  
----------    ----------    --------          -------      -------  ---------------------  -------------------      -------      -------  ---------------------  -------------------  


------------------------------------------------------------------------------------------------
| User Ignored Path Table
| -----------------------
------------------------------------------------------------------------------------------------

Path Group    From Clock    To Clock    
----------    ----------    --------    


------------------------------------------------------------------------------------------------
| Unconstrained Path Table
| ------------------------
------------------------------------------------------------------------------------------------

Path Group    From Clock    To Clock    
----------    ----------    --------    
(none)        sys_clk_pin                 
(none)                      sys_clk_pin   


------------------------------------------------------------------------------------------------
| Timing Details
| --------------
------------------------------------------------------------------------------------------------


---------------------------------------------------------------------------------------------------
From Clock:  sys_clk_pin
  To Clock:  sys_clk_pin

Setup :            0  Failing Endpoints,  Worst Slack       14.916ns,  Total Violation        0.000ns
Hold  :            0  Failing Endpoints,  Worst Slack        0.171ns,  Total Violation        0.000ns
PW    :            0  Failing Endpoints,  Worst Slack        9.500ns,  Total Violation        0.000ns
---------------------------------------------------------------------------------------------------


Max Delay Paths
--------------------------------------------------------------------------------------
Slack (MET) :             14.916ns  (required time - arrival time)
  Source:                 FSM_sequential_state_reg[1]_inv/C
                            (rising edge-triggered cell FDPE clocked by sys_clk_pin  {rise@0.000ns fall@10.000ns period=20.000ns})
  Destination:            tone_cnt_reg[17]/D
                            (rising edge-triggered cell FDCE clocked by sys_clk_pin  {rise@0.000ns fall@10.000ns period=20.000ns})
  Path Group:             sys_clk_pin
  Path Type:              Setup (Max at Slow Process Corner)
  Requirement:            20.000ns  (sys_clk_pin rise@20.000ns - sys_clk_pin rise@0.000ns)
  Data Path Delay:        5.075ns  (logic 2.018ns (39.765%)  route 3.057ns (60.235%))
  Logic Levels:           9  (CARRY4=7 LUT2=1 LUT4=1)
  Clock Path Skew:        -0.033ns (DCD - SCD + CPR)
    Destination Clock Delay (DCD):    4.626ns = ( 24.626 - 20.000 ) 
    Source Clock Delay      (SCD):    4.888ns
    Clock Pessimism Removal (CPR):    0.229ns
  Clock Uncertainty:      0.035ns  ((TSJ^2 + TIJ^2)^1/2 + DJ) / 2 + PE
    Total System Jitter     (TSJ):    0.071ns
    Total Input Jitter      (TIJ):    0.000ns
    Discrete Jitter          (DJ):    0.000ns
    Phase Error              (PE):    0.000ns

    Location             Delay type                Incr(ns)  Path(ns)    Netlist Resource(s)
  -------------------------------------------------------------------    -------------------
                         (clock sys_clk_pin rise edge)
                                                      0.000     0.000 r  
    W19                                               0.000     0.000 r  clk (IN)
                         net (fo=0)                   0.000     0.000    clk
    W19                  IBUF (Prop_ibuf_I_O)         1.440     1.440 r  clk_IBUF_inst/O
                         net (fo=1, routed)           1.827     3.267    clk_IBUF
    BUFGCTRL_X0Y0        BUFG (Prop_bufg_I_O)         0.081     3.348 r  clk_IBUF_BUFG_inst/O
                         net (fo=183, routed)         1.540     4.888    clk_IBUF_BUFG
    SLICE_X5Y170         FDPE                                         r  FSM_sequential_state_reg[1]_inv/C
  -------------------------------------------------------------------    -------------------
    SLICE_X5Y170         FDPE (Prop_fdpe_C_Q)         0.379     5.267 r  FSM_sequential_state_reg[1]_inv/Q
                         net (fo=74, routed)          1.678     6.945    buzzer10
    SLICE_X0Y165         LUT4 (Prop_lut4_I1_O)        0.105     7.050 r  tone_cnt[0]_i_22/O
                         net (fo=1, routed)           0.000     7.050    tone_cnt[0]_i_22_n_0
    SLICE_X0Y165         CARRY4 (Prop_carry4_S[2]_CO[3])
                                                      0.332     7.382 r  tone_cnt_reg[0]_i_8/CO[3]
                         net (fo=1, routed)           0.000     7.382    tone_cnt_reg[0]_i_8_n_0
    SLICE_X0Y166         CARRY4 (Prop_carry4_CI_CO[3])
                                                      0.098     7.480 f  tone_cnt_reg[0]_i_7/CO[3]
                         net (fo=19, routed)          1.379     8.859    tone_cnt_reg[0]_i_7_n_0
    SLICE_X1Y162         LUT2 (Prop_lut2_I1_O)        0.105     8.964 r  tone_cnt[0]_i_6/O
                         net (fo=1, routed)           0.000     8.964    tone_cnt[0]_i_6_n_0
    SLICE_X1Y162         CARRY4 (Prop_carry4_S[0]_CO[3])
                                                      0.440     9.404 r  tone_cnt_reg[0]_i_1/CO[3]
                         net (fo=1, routed)           0.000     9.404    tone_cnt_reg[0]_i_1_n_0
    SLICE_X1Y163         CARRY4 (Prop_carry4_CI_CO[3])
                                                      0.098     9.502 r  tone_cnt_reg[4]_i_1/CO[3]
                         net (fo=1, routed)           0.000     9.502    tone_cnt_reg[4]_i_1_n_0
    SLICE_X1Y164         CARRY4 (Prop_carry4_CI_CO[3])
                                                      0.098     9.600 r  tone_cnt_reg[8]_i_1/CO[3]
                         net (fo=1, routed)           0.000     9.600    tone_cnt_reg[8]_i_1_n_0
    SLICE_X1Y165         CARRY4 (Prop_carry4_CI_CO[3])
                                                      0.098     9.698 r  tone_cnt_reg[12]_i_1/CO[3]
                         net (fo=1, routed)           0.000     9.698    tone_cnt_reg[12]_i_1_n_0
    SLICE_X1Y166         CARRY4 (Prop_carry4_CI_O[1])
                                                      0.265     9.963 r  tone_cnt_reg[16]_i_1/O[1]
                         net (fo=1, routed)           0.000     9.963    tone_cnt_reg[16]_i_1_n_6
    SLICE_X1Y166         FDCE                                         r  tone_cnt_reg[17]/D
  -------------------------------------------------------------------    -------------------

                         (clock sys_clk_pin rise edge)
                                                     20.000    20.000 r  
    W19                                               0.000    20.000 r  clk (IN)
                         net (fo=0)                   0.000    20.000    clk
    W19                  IBUF (Prop_ibuf_I_O)         1.374    21.374 r  clk_IBUF_inst/O
                         net (fo=1, routed)           1.734    23.108    clk_IBUF
    BUFGCTRL_X0Y0        BUFG (Prop_bufg_I_O)         0.077    23.185 r  clk_IBUF_BUFG_inst/O
                         net (fo=183, routed)         1.441    24.626    clk_IBUF_BUFG
    SLICE_X1Y166         FDCE                                         r  tone_cnt_reg[17]/C
                         clock pessimism              0.229    24.855    
                         clock uncertainty           -0.035    24.820    
    SLICE_X1Y166         FDCE (Setup_fdce_C_D)        0.059    24.879    tone_cnt_reg[17]
  -------------------------------------------------------------------
                         required time                         24.879    
                         arrival time                          -9.963    
  -------------------------------------------------------------------
                         slack                                 14.916    

Slack (MET) :             15.000ns  (required time - arrival time)
  Source:                 FSM_sequential_state_reg[1]_inv/C
                            (rising edge-triggered cell FDPE clocked by sys_clk_pin  {rise@0.000ns fall@10.000ns period=20.000ns})
  Destination:            tone_cnt_reg[16]/D
                            (rising edge-triggered cell FDCE clocked by sys_clk_pin  {rise@0.000ns fall@10.000ns period=20.000ns})
  Path Group:             sys_clk_pin
  Path Type:              Setup (Max at Slow Process Corner)
  Requirement:            20.000ns  (sys_clk_pin rise@20.000ns - sys_clk_pin rise@0.000ns)
  Data Path Delay:        4.991ns  (logic 1.934ns (38.751%)  route 3.057ns (61.249%))
  Logic Levels:           9  (CARRY4=7 LUT2=1 LUT4=1)
  Clock Path Skew:        -0.033ns (DCD - SCD + CPR)
    Destination Clock Delay (DCD):    4.626ns = ( 24.626 - 20.000 ) 
    Source Clock Delay      (SCD):    4.888ns
    Clock Pessimism Removal (CPR):    0.229ns
  Clock Uncertainty:      0.035ns  ((TSJ^2 + TIJ^2)^1/2 + DJ) / 2 + PE
    Total System Jitter     (TSJ):    0.071ns
    Total Input Jitter      (TIJ):    0.000ns
    Discrete Jitter          (DJ):    0.000ns
    Phase Error              (PE):    0.000ns

    Location             Delay type                Incr(ns)  Path(ns)    Netlist Resource(s)
  -------------------------------------------------------------------    -------------------
                         (clock sys_clk_pin rise edge)
                                                      0.000     0.000 r  
    W19                                               0.000     0.000 r  clk (IN)
                         net (fo=0)                   0.000     0.000    clk
    W19                  IBUF (Prop_ibuf_I_O)         1.440     1.440 r  clk_IBUF_inst/O
                         net (fo=1, routed)           1.827     3.267    clk_IBUF
    BUFGCTRL_X0Y0        BUFG (Prop_bufg_I_O)         0.081     3.348 r  clk_IBUF_BUFG_inst/O
                         net (fo=183, routed)         1.540     4.888    clk_IBUF_BUFG
    SLICE_X5Y170         FDPE                                         r  FSM_sequential_state_reg[1]_inv/C
  -------------------------------------------------------------------    -------------------
    SLICE_X5Y170         FDPE (Prop_fdpe_C_Q)         0.379     5.267 r  FSM_sequential_state_reg[1]_inv/Q
                         net (fo=74, routed)          1.678     6.945    buzzer10
    SLICE_X0Y165         LUT4 (Prop_lut4_I1_O)        0.105     7.050 r  tone_cnt[0]_i_22/O
                         net (fo=1, routed)           0.000     7.050    tone_cnt[0]_i_22_n_0
    SLICE_X0Y165         CARRY4 (Prop_carry4_S[2]_CO[3])
                                                      0.332     7.382 r  tone_cnt_reg[0]_i_8/CO[3]
                         net (fo=1, routed)           0.000     7.382    tone_cnt_reg[0]_i_8_n_0
    SLICE_X0Y166         CARRY4 (Prop_carry4_CI_CO[3])
                                                      0.098     7.480 f  tone_cnt_reg[0]_i_7/CO[3]
                         net (fo=19, routed)          1.379     8.859    tone_cnt_reg[0]_i_7_n_0
    SLICE_X1Y162         LUT2 (Prop_lut2_I1_O)        0.105     8.964 r  tone_cnt[0]_i_6/O
                         net (fo=1, routed)           0.000     8.964    tone_cnt[0]_i_6_n_0
    SLICE_X1Y162         CARRY4 (Prop_carry4_S[0]_CO[3])
                                                      0.440     9.404 r  tone_cnt_reg[0]_i_1/CO[3]
                         net (fo=1, routed)           0.000     9.404    tone_cnt_reg[0]_i_1_n_0
    SLICE_X1Y163         CARRY4 (Prop_carry4_CI_CO[3])
                                                      0.098     9.502 r  tone_cnt_reg[4]_i_1/CO[3]
                         net (fo=1, routed)           0.000     9.502    tone_cnt_reg[4]_i_1_n_0
    SLICE_X1Y164         CARRY4 (Prop_carry4_CI_CO[3])
                                                      0.098     9.600 r  tone_cnt_reg[8]_i_1/CO[3]
                         net (fo=1, routed)           0.000     9.600    tone_cnt_reg[8]_i_1_n_0
    SLICE_X1Y165         CARRY4 (Prop_carry4_CI_CO[3])
                                                      0.098     9.698 r  tone_cnt_reg[12]_i_1/CO[3]
                         net (fo=1, routed)           0.000     9.698    tone_cnt_reg[12]_i_1_n_0
    SLICE_X1Y166         CARRY4 (Prop_carry4_CI_O[0])
                                                      0.181     9.879 r  tone_cnt_reg[16]_i_1/O[0]
                         net (fo=1, routed)           0.000     9.879    tone_cnt_reg[16]_i_1_n_7
    SLICE_X1Y166         FDCE                                         r  tone_cnt_reg[16]/D
  -------------------------------------------------------------------    -------------------

                         (clock sys_clk_pin rise edge)
                                                     20.000    20.000 r  
    W19                                               0.000    20.000 r  clk (IN)
                         net (fo=0)                   0.000    20.000    clk
    W19                  IBUF (Prop_ibuf_I_O)         1.374    21.374 r  clk_IBUF_inst/O
                         net (fo=1, routed)           1.734    23.108    clk_IBUF
    BUFGCTRL_X0Y0        BUFG (Prop_bufg_I_O)         0.077    23.185 r  clk_IBUF_BUFG_inst/O
                         net (fo=183, routed)         1.441    24.626    clk_IBUF_BUFG
    SLICE_X1Y166         FDCE                                         r  tone_cnt_reg[16]/C
                         clock pessimism              0.229    24.855    
                         clock uncertainty           -0.035    24.820    
    SLICE_X1Y166         FDCE (Setup_fdce_C_D)        0.059    24.879    tone_cnt_reg[16]
  -------------------------------------------------------------------
                         required time                         24.879    
                         arrival time                          -9.879    
  -------------------------------------------------------------------
                         slack                                 15.000    

Slack (MET) :             15.014ns  (required time - arrival time)
  Source:                 FSM_sequential_state_reg[1]_inv/C
                            (rising edge-triggered cell FDPE clocked by sys_clk_pin  {rise@0.000ns fall@10.000ns period=20.000ns})
  Destination:            tone_cnt_reg[13]/D
                            (rising edge-triggered cell FDCE clocked by sys_clk_pin  {rise@0.000ns fall@10.000ns period=20.000ns})
  Path Group:             sys_clk_pin
  Path Type:              Setup (Max at Slow Process Corner)
  Requirement:            20.000ns  (sys_clk_pin rise@20.000ns - sys_clk_pin rise@0.000ns)
  Data Path Delay:        4.977ns  (logic 1.920ns (38.579%)  route 3.057ns (61.421%))
  Logic Levels:           8  (CARRY4=6 LUT2=1 LUT4=1)
  Clock Path Skew:        -0.033ns (DCD - SCD + CPR)
    Destination Clock Delay (DCD):    4.626ns = ( 24.626 - 20.000 ) 
    Source Clock Delay      (SCD):    4.888ns
    Clock Pessimism Removal (CPR):    0.229ns
  Clock Uncertainty:      0.035ns  ((TSJ^2 + TIJ^2)^1/2 + DJ) / 2 + PE
    Total System Jitter     (TSJ):    0.071ns
    Total Input Jitter      (TIJ):    0.000ns
    Discrete Jitter          (DJ):    0.000ns
    Phase Error              (PE):    0.000ns

    Location             Delay type                Incr(ns)  Path(ns)    Netlist Resource(s)
  -------------------------------------------------------------------    -------------------
                         (clock sys_clk_pin rise edge)
                                                      0.000     0.000 r  
    W19                                               0.000     0.000 r  clk (IN)
                         net (fo=0)                   0.000     0.000    clk
    W19                  IBUF (Prop_ibuf_I_O)         1.440     1.440 r  clk_IBUF_inst/O
                         net (fo=1, routed)           1.827     3.267    clk_IBUF
    BUFGCTRL_X0Y0        BUFG (Prop_bufg_I_O)         0.081     3.348 r  clk_IBUF_BUFG_inst/O
                         net (fo=183, routed)         1.540     4.888    clk_IBUF_BUFG
    SLICE_X5Y170         FDPE                                         r  FSM_sequential_state_reg[1]_inv/C
  -------------------------------------------------------------------    -------------------
    SLICE_X5Y170         FDPE (Prop_fdpe_C_Q)         0.379     5.267 r  FSM_sequential_state_reg[1]_inv/Q
                         net (fo=74, routed)          1.678     6.945    buzzer10
    SLICE_X0Y165         LUT4 (Prop_lut4_I1_O)        0.105     7.050 r  tone_cnt[0]_i_22/O
                         net (fo=1, routed)           0.000     7.050    tone_cnt[0]_i_22_n_0
    SLICE_X0Y165         CARRY4 (Prop_carry4_S[2]_CO[3])
                                                      0.332     7.382 r  tone_cnt_reg[0]_i_8/CO[3]
                         net (fo=1, routed)           0.000     7.382    tone_cnt_reg[0]_i_8_n_0
    SLICE_X0Y166         CARRY4 (Prop_carry4_CI_CO[3])
                                                      0.098     7.480 f  tone_cnt_reg[0]_i_7/CO[3]
                         net (fo=19, routed)          1.379     8.859    tone_cnt_reg[0]_i_7_n_0
    SLICE_X1Y162         LUT2 (Prop_lut2_I1_O)        0.105     8.964 r  tone_cnt[0]_i_6/O
                         net (fo=1, routed)           0.000     8.964    tone_cnt[0]_i_6_n_0
    SLICE_X1Y162         CARRY4 (Prop_carry4_S[0]_CO[3])
                                                      0.440     9.404 r  tone_cnt_reg[0]_i_1/CO[3]
                         net (fo=1, routed)           0.000     9.404    tone_cnt_reg[0]_i_1_n_0
    SLICE_X1Y163         CARRY4 (Prop_carry4_CI_CO[3])
                                                      0.098     9.502 r  tone_cnt_reg[4]_i_1/CO[3]
                         net (fo=1, routed)           0.000     9.502    tone_cnt_reg[4]_i_1_n_0
    SLICE_X1Y164         CARRY4 (Prop_carry4_CI_CO[3])
                                                      0.098     9.600 r  tone_cnt_reg[8]_i_1/CO[3]
                         net (fo=1, routed)           0.000     9.600    tone_cnt_reg[8]_i_1_n_0
    SLICE_X1Y165         CARRY4 (Prop_carry4_CI_O[1])
                                                      0.265     9.865 r  tone_cnt_reg[12]_i_1/O[1]
                         net (fo=1, routed)           0.000     9.865    tone_cnt_reg[12]_i_1_n_6
    SLICE_X1Y165         FDCE                                         r  tone_cnt_reg[13]/D
  -------------------------------------------------------------------    -------------------

                         (clock sys_clk_pin rise edge)
                                                     20.000    20.000 r  
    W19                                               0.000    20.000 r  clk (IN)
                         net (fo=0)                   0.000    20.000    clk
    W19                  IBUF (Prop_ibuf_I_O)         1.374    21.374 r  clk_IBUF_inst/O
                         net (fo=1, routed)           1.734    23.108    clk_IBUF
    BUFGCTRL_X0Y0        BUFG (Prop_bufg_I_O)         0.077    23.185 r  clk_IBUF_BUFG_inst/O
                         net (fo=183, routed)         1.441    24.626    clk_IBUF_BUFG
    SLICE_X1Y165         FDCE                                         r  tone_cnt_reg[13]/C
                         clock pessimism              0.229    24.855    
                         clock uncertainty           -0.035    24.820    
    SLICE_X1Y165         FDCE (Setup_fdce_C_D)        0.059    24.879    tone_cnt_reg[13]
  -------------------------------------------------------------------
                         required time                         24.879    
                         arrival time                          -9.865    
  -------------------------------------------------------------------
                         slack                                 15.014    

Slack (MET) :             15.019ns  (required time - arrival time)
  Source:                 FSM_sequential_state_reg[1]_inv/C
                            (rising edge-triggered cell FDPE clocked by sys_clk_pin  {rise@0.000ns fall@10.000ns period=20.000ns})
  Destination:            tone_cnt_reg[15]/D
                            (rising edge-triggered cell FDCE clocked by sys_clk_pin  {rise@0.000ns fall@10.000ns period=20.000ns})
  Path Group:             sys_clk_pin
  Path Type:              Setup (Max at Slow Process Corner)
  Requirement:            20.000ns  (sys_clk_pin rise@20.000ns - sys_clk_pin rise@0.000ns)
  Data Path Delay:        4.972ns  (logic 1.915ns (38.517%)  route 3.057ns (61.483%))
  Logic Levels:           8  (CARRY4=6 LUT2=1 LUT4=1)
  Clock Path Skew:        -0.033ns (DCD - SCD + CPR)
    Destination Clock Delay (DCD):    4.626ns = ( 24.626 - 20.000 ) 
    Source Clock Delay      (SCD):    4.888ns
    Clock Pessimism Removal (CPR):    0.229ns
  Clock Uncertainty:      0.035ns  ((TSJ^2 + TIJ^2)^1/2 + DJ) / 2 + PE
    Total System Jitter     (TSJ):    0.071ns
    Total Input Jitter      (TIJ):    0.000ns
    Discrete Jitter          (DJ):    0.000ns
    Phase Error              (PE):    0.000ns

    Location             Delay type                Incr(ns)  Path(ns)    Netlist Resource(s)
  -------------------------------------------------------------------    -------------------
                         (clock sys_clk_pin rise edge)
                                                      0.000     0.000 r  
    W19                                               0.000     0.000 r  clk (IN)
                         net (fo=0)                   0.000     0.000    clk
    W19                  IBUF (Prop_ibuf_I_O)         1.440     1.440 r  clk_IBUF_inst/O
                         net (fo=1, routed)           1.827     3.267    clk_IBUF
    BUFGCTRL_X0Y0        BUFG (Prop_bufg_I_O)         0.081     3.348 r  clk_IBUF_BUFG_inst/O
                         net (fo=183, routed)         1.540     4.888    clk_IBUF_BUFG
    SLICE_X5Y170         FDPE                                         r  FSM_sequential_state_reg[1]_inv/C
  -------------------------------------------------------------------    -------------------
    SLICE_X5Y170         FDPE (Prop_fdpe_C_Q)         0.379     5.267 r  FSM_sequential_state_reg[1]_inv/Q
                         net (fo=74, routed)          1.678     6.945    buzzer10
    SLICE_X0Y165         LUT4 (Prop_lut4_I1_O)        0.105     7.050 r  tone_cnt[0]_i_22/O
                         net (fo=1, routed)           0.000     7.050    tone_cnt[0]_i_22_n_0
    SLICE_X0Y165         CARRY4 (Prop_carry4_S[2]_CO[3])
                                                      0.332     7.382 r  tone_cnt_reg[0]_i_8/CO[3]
                         net (fo=1, routed)           0.000     7.382    tone_cnt_reg[0]_i_8_n_0
    SLICE_X0Y166         CARRY4 (Prop_carry4_CI_CO[3])
                                                      0.098     7.480 f  tone_cnt_reg[0]_i_7/CO[3]
                         net (fo=19, routed)          1.379     8.859    tone_cnt_reg[0]_i_7_n_0
    SLICE_X1Y162         LUT2 (Prop_lut2_I1_O)        0.105     8.964 r  tone_cnt[0]_i_6/O
                         net (fo=1, routed)           0.000     8.964    tone_cnt[0]_i_6_n_0
    SLICE_X1Y162         CARRY4 (Prop_carry4_S[0]_CO[3])
                                                      0.440     9.404 r  tone_cnt_reg[0]_i_1/CO[3]
                         net (fo=1, routed)           0.000     9.404    tone_cnt_reg[0]_i_1_n_0
    SLICE_X1Y163         CARRY4 (Prop_carry4_CI_CO[3])
                                                      0.098     9.502 r  tone_cnt_reg[4]_i_1/CO[3]
                         net (fo=1, routed)           0.000     9.502    tone_cnt_reg[4]_i_1_n_0
    SLICE_X1Y164         CARRY4 (Prop_carry4_CI_CO[3])
                                                      0.098     9.600 r  tone_cnt_reg[8]_i_1/CO[3]
                         net (fo=1, routed)           0.000     9.600    tone_cnt_reg[8]_i_1_n_0
    SLICE_X1Y165         CARRY4 (Prop_carry4_CI_O[3])
                                                      0.260     9.860 r  tone_cnt_reg[12]_i_1/O[3]
                         net (fo=1, routed)           0.000     9.860    tone_cnt_reg[12]_i_1_n_4
    SLICE_X1Y165         FDCE                                         r  tone_cnt_reg[15]/D
  -------------------------------------------------------------------    -------------------

                         (clock sys_clk_pin rise edge)
                                                     20.000    20.000 r  
    W19                                               0.000    20.000 r  clk (IN)
                         net (fo=0)                   0.000    20.000    clk
    W19                  IBUF (Prop_ibuf_I_O)         1.374    21.374 r  clk_IBUF_inst/O
                         net (fo=1, routed)           1.734    23.108    clk_IBUF
    BUFGCTRL_X0Y0        BUFG (Prop_bufg_I_O)         0.077    23.185 r  clk_IBUF_BUFG_inst/O
                         net (fo=183, routed)         1.441    24.626    clk_IBUF_BUFG
    SLICE_X1Y165         FDCE                                         r  tone_cnt_reg[15]/C
                         clock pessimism              0.229    24.855    
                         clock uncertainty           -0.035    24.820    
    SLICE_X1Y165         FDCE (Setup_fdce_C_D)        0.059    24.879    tone_cnt_reg[15]
  -------------------------------------------------------------------
                         required time                         24.879    
                         arrival time                          -9.860    
  -------------------------------------------------------------------
                         slack                                 15.019    

Slack (MET) :             15.079ns  (required time - arrival time)
  Source:                 FSM_sequential_state_reg[1]_inv/C
                            (rising edge-triggered cell FDPE clocked by sys_clk_pin  {rise@0.000ns fall@10.000ns period=20.000ns})
  Destination:            tone_cnt_reg[14]/D
                            (rising edge-triggered cell FDCE clocked by sys_clk_pin  {rise@0.000ns fall@10.000ns period=20.000ns})
  Path Group:             sys_clk_pin
  Path Type:              Setup (Max at Slow Process Corner)
  Requirement:            20.000ns  (sys_clk_pin rise@20.000ns - sys_clk_pin rise@0.000ns)
  Data Path Delay:        4.912ns  (logic 1.855ns (37.766%)  route 3.057ns (62.234%))
  Logic Levels:           8  (CARRY4=6 LUT2=1 LUT4=1)
  Clock Path Skew:        -0.033ns (DCD - SCD + CPR)
    Destination Clock Delay (DCD):    4.626ns = ( 24.626 - 20.000 ) 
    Source Clock Delay      (SCD):    4.888ns
    Clock Pessimism Removal (CPR):    0.229ns
  Clock Uncertainty:      0.035ns  ((TSJ^2 + TIJ^2)^1/2 + DJ) / 2 + PE
    Total System Jitter     (TSJ):    0.071ns
    Total Input Jitter      (TIJ):    0.000ns
    Discrete Jitter          (DJ):    0.000ns
    Phase Error              (PE):    0.000ns

    Location             Delay type                Incr(ns)  Path(ns)    Netlist Resource(s)
  -------------------------------------------------------------------    -------------------
                         (clock sys_clk_pin rise edge)
                                                      0.000     0.000 r  
    W19                                               0.000     0.000 r  clk (IN)
                         net (fo=0)                   0.000     0.000    clk
    W19                  IBUF (Prop_ibuf_I_O)         1.440     1.440 r  clk_IBUF_inst/O
                         net (fo=1, routed)           1.827     3.267    clk_IBUF
    BUFGCTRL_X0Y0        BUFG (Prop_bufg_I_O)         0.081     3.348 r  clk_IBUF_BUFG_inst/O
                         net (fo=183, routed)         1.540     4.888    clk_IBUF_BUFG
    SLICE_X5Y170         FDPE                                         r  FSM_sequential_state_reg[1]_inv/C
  -------------------------------------------------------------------    -------------------
    SLICE_X5Y170         FDPE (Prop_fdpe_C_Q)         0.379     5.267 r  FSM_sequential_state_reg[1]_inv/Q
                         net (fo=74, routed)          1.678     6.945    buzzer10
    SLICE_X0Y165         LUT4 (Prop_lut4_I1_O)        0.105     7.050 r  tone_cnt[0]_i_22/O
                         net (fo=1, routed)           0.000     7.050    tone_cnt[0]_i_22_n_0
    SLICE_X0Y165         CARRY4 (Prop_carry4_S[2]_CO[3])
                                                      0.332     7.382 r  tone_cnt_reg[0]_i_8/CO[3]
                         net (fo=1, routed)           0.000     7.382    tone_cnt_reg[0]_i_8_n_0
    SLICE_X0Y166         CARRY4 (Prop_carry4_CI_CO[3])
                                                      0.098     7.480 f  tone_cnt_reg[0]_i_7/CO[3]
                         net (fo=19, routed)          1.379     8.859    tone_cnt_reg[0]_i_7_n_0
    SLICE_X1Y162         LUT2 (Prop_lut2_I1_O)        0.105     8.964 r  tone_cnt[0]_i_6/O
                         net (fo=1, routed)           0.000     8.964    tone_cnt[0]_i_6_n_0
    SLICE_X1Y162         CARRY4 (Prop_carry4_S[0]_CO[3])
                                                      0.440     9.404 r  tone_cnt_reg[0]_i_1/CO[3]
                         net (fo=1, routed)           0.000     9.404    tone_cnt_reg[0]_i_1_n_0
    SLICE_X1Y163         CARRY4 (Prop_carry4_CI_CO[3])
                                                      0.098     9.502 r  tone_cnt_reg[4]_i_1/CO[3]
                         net (fo=1, routed)           0.000     9.502    tone_cnt_reg[4]_i_1_n_0
    SLICE_X1Y164         CARRY4 (Prop_carry4_CI_CO[3])
                                                      0.098     9.600 r  tone_cnt_reg[8]_i_1/CO[3]
                         net (fo=1, routed)           0.000     9.600    tone_cnt_reg[8]_i_1_n_0
    SLICE_X1Y165         CARRY4 (Prop_carry4_CI_O[2])
                                                      0.200     9.800 r  tone_cnt_reg[12]_i_1/O[2]
                         net (fo=1, routed)           0.000     9.800    tone_cnt_reg[12]_i_1_n_5
    SLICE_X1Y165         FDCE                                         r  tone_cnt_reg[14]/D
  -------------------------------------------------------------------    -------------------

                         (clock sys_clk_pin rise edge)
                                                     20.000    20.000 r  
    W19                                               0.000    20.000 r  clk (IN)
                         net (fo=0)                   0.000    20.000    clk
    W19                  IBUF (Prop_ibuf_I_O)         1.374    21.374 r  clk_IBUF_inst/O
                         net (fo=1, routed)           1.734    23.108    clk_IBUF
    BUFGCTRL_X0Y0        BUFG (Prop_bufg_I_O)         0.077    23.185 r  clk_IBUF_BUFG_inst/O
                         net (fo=183, routed)         1.441    24.626    clk_IBUF_BUFG
    SLICE_X1Y165         FDCE                                         r  tone_cnt_reg[14]/C
                         clock pessimism              0.229    24.855    
                         clock uncertainty           -0.035    24.820    
    SLICE_X1Y165         FDCE (Setup_fdce_C_D)        0.059    24.879    tone_cnt_reg[14]
  -------------------------------------------------------------------
                         required time                         24.879    
                         arrival time                          -9.800    
  -------------------------------------------------------------------
                         slack                                 15.079    

Slack (MET) :             15.098ns  (required time - arrival time)
  Source:                 FSM_sequential_state_reg[1]_inv/C
                            (rising edge-triggered cell FDPE clocked by sys_clk_pin  {rise@0.000ns fall@10.000ns period=20.000ns})
  Destination:            tone_cnt_reg[12]/D
                            (rising edge-triggered cell FDCE clocked by sys_clk_pin  {rise@0.000ns fall@10.000ns period=20.000ns})
  Path Group:             sys_clk_pin
  Path Type:              Setup (Max at Slow Process Corner)
  Requirement:            20.000ns  (sys_clk_pin rise@20.000ns - sys_clk_pin rise@0.000ns)
  Data Path Delay:        4.893ns  (logic 1.836ns (37.524%)  route 3.057ns (62.476%))
  Logic Levels:           8  (CARRY4=6 LUT2=1 LUT4=1)
  Clock Path Skew:        -0.033ns (DCD - SCD + CPR)
    Destination Clock Delay (DCD):    4.626ns = ( 24.626 - 20.000 ) 
    Source Clock Delay      (SCD):    4.888ns
    Clock Pessimism Removal (CPR):    0.229ns
  Clock Uncertainty:      0.035ns  ((TSJ^2 + TIJ^2)^1/2 + DJ) / 2 + PE
    Total System Jitter     (TSJ):    0.071ns
    Total Input Jitter      (TIJ):    0.000ns
    Discrete Jitter          (DJ):    0.000ns
    Phase Error              (PE):    0.000ns

    Location             Delay type                Incr(ns)  Path(ns)    Netlist Resource(s)
  -------------------------------------------------------------------    -------------------
                         (clock sys_clk_pin rise edge)
                                                      0.000     0.000 r  
    W19                                               0.000     0.000 r  clk (IN)
                         net (fo=0)                   0.000     0.000    clk
    W19                  IBUF (Prop_ibuf_I_O)         1.440     1.440 r  clk_IBUF_inst/O
                         net (fo=1, routed)           1.827     3.267    clk_IBUF
    BUFGCTRL_X0Y0        BUFG (Prop_bufg_I_O)         0.081     3.348 r  clk_IBUF_BUFG_inst/O
                         net (fo=183, routed)         1.540     4.888    clk_IBUF_BUFG
    SLICE_X5Y170         FDPE                                         r  FSM_sequential_state_reg[1]_inv/C
  -------------------------------------------------------------------    -------------------
    SLICE_X5Y170         FDPE (Prop_fdpe_C_Q)         0.379     5.267 r  FSM_sequential_state_reg[1]_inv/Q
                         net (fo=74, routed)          1.678     6.945    buzzer10
    SLICE_X0Y165         LUT4 (Prop_lut4_I1_O)        0.105     7.050 r  tone_cnt[0]_i_22/O
                         net (fo=1, routed)           0.000     7.050    tone_cnt[0]_i_22_n_0
    SLICE_X0Y165         CARRY4 (Prop_carry4_S[2]_CO[3])
                                                      0.332     7.382 r  tone_cnt_reg[0]_i_8/CO[3]
                         net (fo=1, routed)           0.000     7.382    tone_cnt_reg[0]_i_8_n_0
    SLICE_X0Y166         CARRY4 (Prop_carry4_CI_CO[3])
                                                      0.098     7.480 f  tone_cnt_reg[0]_i_7/CO[3]
                         net (fo=19, routed)          1.379     8.859    tone_cnt_reg[0]_i_7_n_0
    SLICE_X1Y162         LUT2 (Prop_lut2_I1_O)        0.105     8.964 r  tone_cnt[0]_i_6/O
                         net (fo=1, routed)           0.000     8.964    tone_cnt[0]_i_6_n_0
    SLICE_X1Y162         CARRY4 (Prop_carry4_S[0]_CO[3])
                                                      0.440     9.404 r  tone_cnt_reg[0]_i_1/CO[3]
                         net (fo=1, routed)           0.000     9.404    tone_cnt_reg[0]_i_1_n_0
    SLICE_X1Y163         CARRY4 (Prop_carry4_CI_CO[3])
                                                      0.098     9.502 r  tone_cnt_reg[4]_i_1/CO[3]
                         net (fo=1, routed)           0.000     9.502    tone_cnt_reg[4]_i_1_n_0
    SLICE_X1Y164         CARRY4 (Prop_carry4_CI_CO[3])
                                                      0.098     9.600 r  tone_cnt_reg[8]_i_1/CO[3]
                         net (fo=1, routed)           0.000     9.600    tone_cnt_reg[8]_i_1_n_0
    SLICE_X1Y165         CARRY4 (Prop_carry4_CI_O[0])
                                                      0.181     9.781 r  tone_cnt_reg[12]_i_1/O[0]
                         net (fo=1, routed)           0.000     9.781    tone_cnt_reg[12]_i_1_n_7
    SLICE_X1Y165         FDCE                                         r  tone_cnt_reg[12]/D
  -------------------------------------------------------------------    -------------------

                         (clock sys_clk_pin rise edge)
                                                     20.000    20.000 r  
    W19                                               0.000    20.000 r  clk (IN)
                         net (fo=0)                   0.000    20.000    clk
    W19                  IBUF (Prop_ibuf_I_O)         1.374    21.374 r  clk_IBUF_inst/O
                         net (fo=1, routed)           1.734    23.108    clk_IBUF
    BUFGCTRL_X0Y0        BUFG (Prop_bufg_I_O)         0.077    23.185 r  clk_IBUF_BUFG_inst/O
                         net (fo=183, routed)         1.441    24.626    clk_IBUF_BUFG
    SLICE_X1Y165         FDCE                                         r  tone_cnt_reg[12]/C
                         clock pessimism              0.229    24.855    
                         clock uncertainty           -0.035    24.820    
    SLICE_X1Y165         FDCE (Setup_fdce_C_D)        0.059    24.879    tone_cnt_reg[12]
  -------------------------------------------------------------------
                         required time                         24.879    
                         arrival time                          -9.781    
  -------------------------------------------------------------------
                         slack                                 15.098    

Slack (MET) :             15.113ns  (required time - arrival time)
  Source:                 FSM_sequential_state_reg[1]_inv/C
                            (rising edge-triggered cell FDPE clocked by sys_clk_pin  {rise@0.000ns fall@10.000ns period=20.000ns})
  Destination:            tone_cnt_reg[9]/D
                            (rising edge-triggered cell FDCE clocked by sys_clk_pin  {rise@0.000ns fall@10.000ns period=20.000ns})
  Path Group:             sys_clk_pin
  Path Type:              Setup (Max at Slow Process Corner)
  Requirement:            20.000ns  (sys_clk_pin rise@20.000ns - sys_clk_pin rise@0.000ns)
  Data Path Delay:        4.879ns  (logic 1.822ns (37.345%)  route 3.057ns (62.655%))
  Logic Levels:           7  (CARRY4=5 LUT2=1 LUT4=1)
  Clock Path Skew:        -0.032ns (DCD - SCD + CPR)
    Destination Clock Delay (DCD):    4.627ns = ( 24.627 - 20.000 ) 
    Source Clock Delay      (SCD):    4.888ns
    Clock Pessimism Removal (CPR):    0.229ns
  Clock Uncertainty:      0.035ns  ((TSJ^2 + TIJ^2)^1/2 + DJ) / 2 + PE
    Total System Jitter     (TSJ):    0.071ns
    Total Input Jitter      (TIJ):    0.000ns
    Discrete Jitter          (DJ):    0.000ns
    Phase Error              (PE):    0.000ns

    Location             Delay type                Incr(ns)  Path(ns)    Netlist Resource(s)
  -------------------------------------------------------------------    -------------------
                         (clock sys_clk_pin rise edge)
                                                      0.000     0.000 r  
    W19                                               0.000     0.000 r  clk (IN)
                         net (fo=0)                   0.000     0.000    clk
    W19                  IBUF (Prop_ibuf_I_O)         1.440     1.440 r  clk_IBUF_inst/O
                         net (fo=1, routed)           1.827     3.267    clk_IBUF
    BUFGCTRL_X0Y0        BUFG (Prop_bufg_I_O)         0.081     3.348 r  clk_IBUF_BUFG_inst/O
                         net (fo=183, routed)         1.540     4.888    clk_IBUF_BUFG
    SLICE_X5Y170         FDPE                                         r  FSM_sequential_state_reg[1]_inv/C
  -------------------------------------------------------------------    -------------------
    SLICE_X5Y170         FDPE (Prop_fdpe_C_Q)         0.379     5.267 r  FSM_sequential_state_reg[1]_inv/Q
                         net (fo=74, routed)          1.678     6.945    buzzer10
    SLICE_X0Y165         LUT4 (Prop_lut4_I1_O)        0.105     7.050 r  tone_cnt[0]_i_22/O
                         net (fo=1, routed)           0.000     7.050    tone_cnt[0]_i_22_n_0
    SLICE_X0Y165         CARRY4 (Prop_carry4_S[2]_CO[3])
                                                      0.332     7.382 r  tone_cnt_reg[0]_i_8/CO[3]
                         net (fo=1, routed)           0.000     7.382    tone_cnt_reg[0]_i_8_n_0
    SLICE_X0Y166         CARRY4 (Prop_carry4_CI_CO[3])
                                                      0.098     7.480 f  tone_cnt_reg[0]_i_7/CO[3]
                         net (fo=19, routed)          1.379     8.859    tone_cnt_reg[0]_i_7_n_0
    SLICE_X1Y162         LUT2 (Prop_lut2_I1_O)        0.105     8.964 r  tone_cnt[0]_i_6/O
                         net (fo=1, routed)           0.000     8.964    tone_cnt[0]_i_6_n_0
    SLICE_X1Y162         CARRY4 (Prop_carry4_S[0]_CO[3])
                                                      0.440     9.404 r  tone_cnt_reg[0]_i_1/CO[3]
                         net (fo=1, routed)           0.000     9.404    tone_cnt_reg[0]_i_1_n_0
    SLICE_X1Y163         CARRY4 (Prop_carry4_CI_CO[3])
                                                      0.098     9.502 r  tone_cnt_reg[4]_i_1/CO[3]
                         net (fo=1, routed)           0.000     9.502    tone_cnt_reg[4]_i_1_n_0
    SLICE_X1Y164         CARRY4 (Prop_carry4_CI_O[1])
                                                      0.265     9.767 r  tone_cnt_reg[8]_i_1/O[1]
                         net (fo=1, routed)           0.000     9.767    tone_cnt_reg[8]_i_1_n_6
    SLICE_X1Y164         FDCE                                         r  tone_cnt_reg[9]/D
  -------------------------------------------------------------------    -------------------

                         (clock sys_clk_pin rise edge)
                                                     20.000    20.000 r  
    W19                                               0.000    20.000 r  clk (IN)
                         net (fo=0)                   0.000    20.000    clk
    W19                  IBUF (Prop_ibuf_I_O)         1.374    21.374 r  clk_IBUF_inst/O
                         net (fo=1, routed)           1.734    23.108    clk_IBUF
    BUFGCTRL_X0Y0        BUFG (Prop_bufg_I_O)         0.077    23.185 r  clk_IBUF_BUFG_inst/O
                         net (fo=183, routed)         1.442    24.627    clk_IBUF_BUFG
    SLICE_X1Y164         FDCE                                         r  tone_cnt_reg[9]/C
                         clock pessimism              0.229    24.856    
                         clock uncertainty           -0.035    24.821    
    SLICE_X1Y164         FDCE (Setup_fdce_C_D)        0.059    24.880    tone_cnt_reg[9]
  -------------------------------------------------------------------
                         required time                         24.880    
                         arrival time                          -9.767    
  -------------------------------------------------------------------
                         slack                                 15.113    

Slack (MET) :             15.118ns  (required time - arrival time)
  Source:                 FSM_sequential_state_reg[1]_inv/C
                            (rising edge-triggered cell FDPE clocked by sys_clk_pin  {rise@0.000ns fall@10.000ns period=20.000ns})
  Destination:            tone_cnt_reg[11]/D
                            (rising edge-triggered cell FDCE clocked by sys_clk_pin  {rise@0.000ns fall@10.000ns period=20.000ns})
  Path Group:             sys_clk_pin
  Path Type:              Setup (Max at Slow Process Corner)
  Requirement:            20.000ns  (sys_clk_pin rise@20.000ns - sys_clk_pin rise@0.000ns)
  Data Path Delay:        4.874ns  (logic 1.817ns (37.281%)  route 3.057ns (62.719%))
  Logic Levels:           7  (CARRY4=5 LUT2=1 LUT4=1)
  Clock Path Skew:        -0.032ns (DCD - SCD + CPR)
    Destination Clock Delay (DCD):    4.627ns = ( 24.627 - 20.000 ) 
    Source Clock Delay      (SCD):    4.888ns
    Clock Pessimism Removal (CPR):    0.229ns
  Clock Uncertainty:      0.035ns  ((TSJ^2 + TIJ^2)^1/2 + DJ) / 2 + PE
    Total System Jitter     (TSJ):    0.071ns
    Total Input Jitter      (TIJ):    0.000ns
    Discrete Jitter          (DJ):    0.000ns
    Phase Error              (PE):    0.000ns

    Location             Delay type                Incr(ns)  Path(ns)    Netlist Resource(s)
  -------------------------------------------------------------------    -------------------
                         (clock sys_clk_pin rise edge)
                                                      0.000     0.000 r  
    W19                                               0.000     0.000 r  clk (IN)
                         net (fo=0)                   0.000     0.000    clk
    W19                  IBUF (Prop_ibuf_I_O)         1.440     1.440 r  clk_IBUF_inst/O
                         net (fo=1, routed)           1.827     3.267    clk_IBUF
    BUFGCTRL_X0Y0        BUFG (Prop_bufg_I_O)         0.081     3.348 r  clk_IBUF_BUFG_inst/O
                         net (fo=183, routed)         1.540     4.888    clk_IBUF_BUFG
    SLICE_X5Y170         FDPE                                         r  FSM_sequential_state_reg[1]_inv/C
  -------------------------------------------------------------------    -------------------
    SLICE_X5Y170         FDPE (Prop_fdpe_C_Q)         0.379     5.267 r  FSM_sequential_state_reg[1]_inv/Q
                         net (fo=74, routed)          1.678     6.945    buzzer10
    SLICE_X0Y165         LUT4 (Prop_lut4_I1_O)        0.105     7.050 r  tone_cnt[0]_i_22/O
                         net (fo=1, routed)           0.000     7.050    tone_cnt[0]_i_22_n_0
    SLICE_X0Y165         CARRY4 (Prop_carry4_S[2]_CO[3])
                                                      0.332     7.382 r  tone_cnt_reg[0]_i_8/CO[3]
                         net (fo=1, routed)           0.000     7.382    tone_cnt_reg[0]_i_8_n_0
    SLICE_X0Y166         CARRY4 (Prop_carry4_CI_CO[3])
                                                      0.098     7.480 f  tone_cnt_reg[0]_i_7/CO[3]
                         net (fo=19, routed)          1.379     8.859    tone_cnt_reg[0]_i_7_n_0
    SLICE_X1Y162         LUT2 (Prop_lut2_I1_O)        0.105     8.964 r  tone_cnt[0]_i_6/O
                         net (fo=1, routed)           0.000     8.964    tone_cnt[0]_i_6_n_0
    SLICE_X1Y162         CARRY4 (Prop_carry4_S[0]_CO[3])
                                                      0.440     9.404 r  tone_cnt_reg[0]_i_1/CO[3]
                         net (fo=1, routed)           0.000     9.404    tone_cnt_reg[0]_i_1_n_0
    SLICE_X1Y163         CARRY4 (Prop_carry4_CI_CO[3])
                                                      0.098     9.502 r  tone_cnt_reg[4]_i_1/CO[3]
                         net (fo=1, routed)           0.000     9.502    tone_cnt_reg[4]_i_1_n_0
    SLICE_X1Y164         CARRY4 (Prop_carry4_CI_O[3])
                                                      0.260     9.762 r  tone_cnt_reg[8]_i_1/O[3]
                         net (fo=1, routed)           0.000     9.762    tone_cnt_reg[8]_i_1_n_4
    SLICE_X1Y164         FDCE                                         r  tone_cnt_reg[11]/D
  -------------------------------------------------------------------    -------------------

                         (clock sys_clk_pin rise edge)
                                                     20.000    20.000 r  
    W19                                               0.000    20.000 r  clk (IN)
                         net (fo=0)                   0.000    20.000    clk
    W19                  IBUF (Prop_ibuf_I_O)         1.374    21.374 r  clk_IBUF_inst/O
                         net (fo=1, routed)           1.734    23.108    clk_IBUF
    BUFGCTRL_X0Y0        BUFG (Prop_bufg_I_O)         0.077    23.185 r  clk_IBUF_BUFG_inst/O
                         net (fo=183, routed)         1.442    24.627    clk_IBUF_BUFG
    SLICE_X1Y164         FDCE                                         r  tone_cnt_reg[11]/C
                         clock pessimism              0.229    24.856    
                         clock uncertainty           -0.035    24.821    
    SLICE_X1Y164         FDCE (Setup_fdce_C_D)        0.059    24.880    tone_cnt_reg[11]
  -------------------------------------------------------------------
                         required time                         24.880    
                         arrival time                          -9.762    
  -------------------------------------------------------------------
                         slack                                 15.118    

Slack (MET) :             15.178ns  (required time - arrival time)
  Source:                 FSM_sequential_state_reg[1]_inv/C
                            (rising edge-triggered cell FDPE clocked by sys_clk_pin  {rise@0.000ns fall@10.000ns period=20.000ns})
  Destination:            tone_cnt_reg[10]/D
                            (rising edge-triggered cell FDCE clocked by sys_clk_pin  {rise@0.000ns fall@10.000ns period=20.000ns})
  Path Group:             sys_clk_pin
  Path Type:              Setup (Max at Slow Process Corner)
  Requirement:            20.000ns  (sys_clk_pin rise@20.000ns - sys_clk_pin rise@0.000ns)
  Data Path Delay:        4.814ns  (logic 1.757ns (36.499%)  route 3.057ns (63.501%))
  Logic Levels:           7  (CARRY4=5 LUT2=1 LUT4=1)
  Clock Path Skew:        -0.032ns (DCD - SCD + CPR)
    Destination Clock Delay (DCD):    4.627ns = ( 24.627 - 20.000 ) 
    Source Clock Delay      (SCD):    4.888ns
    Clock Pessimism Removal (CPR):    0.229ns
  Clock Uncertainty:      0.035ns  ((TSJ^2 + TIJ^2)^1/2 + DJ) / 2 + PE
    Total System Jitter     (TSJ):    0.071ns
    Total Input Jitter      (TIJ):    0.000ns
    Discrete Jitter          (DJ):    0.000ns
    Phase Error              (PE):    0.000ns

    Location             Delay type                Incr(ns)  Path(ns)    Netlist Resource(s)
  -------------------------------------------------------------------    -------------------
                         (clock sys_clk_pin rise edge)
                                                      0.000     0.000 r  
    W19                                               0.000     0.000 r  clk (IN)
                         net (fo=0)                   0.000     0.000    clk
    W19                  IBUF (Prop_ibuf_I_O)         1.440     1.440 r  clk_IBUF_inst/O
                         net (fo=1, routed)           1.827     3.267    clk_IBUF
    BUFGCTRL_X0Y0        BUFG (Prop_bufg_I_O)         0.081     3.348 r  clk_IBUF_BUFG_inst/O
                         net (fo=183, routed)         1.540     4.888    clk_IBUF_BUFG
    SLICE_X5Y170         FDPE                                         r  FSM_sequential_state_reg[1]_inv/C
  -------------------------------------------------------------------    -------------------
    SLICE_X5Y170         FDPE (Prop_fdpe_C_Q)         0.379     5.267 r  FSM_sequential_state_reg[1]_inv/Q
                         net (fo=74, routed)          1.678     6.945    buzzer10
    SLICE_X0Y165         LUT4 (Prop_lut4_I1_O)        0.105     7.050 r  tone_cnt[0]_i_22/O
                         net (fo=1, routed)           0.000     7.050    tone_cnt[0]_i_22_n_0
    SLICE_X0Y165         CARRY4 (Prop_carry4_S[2]_CO[3])
                                                      0.332     7.382 r  tone_cnt_reg[0]_i_8/CO[3]
                         net (fo=1, routed)           0.000     7.382    tone_cnt_reg[0]_i_8_n_0
    SLICE_X0Y166         CARRY4 (Prop_carry4_CI_CO[3])
                                                      0.098     7.480 f  tone_cnt_reg[0]_i_7/CO[3]
                         net (fo=19, routed)          1.379     8.859    tone_cnt_reg[0]_i_7_n_0
    SLICE_X1Y162         LUT2 (Prop_lut2_I1_O)        0.105     8.964 r  tone_cnt[0]_i_6/O
                         net (fo=1, routed)           0.000     8.964    tone_cnt[0]_i_6_n_0
    SLICE_X1Y162         CARRY4 (Prop_carry4_S[0]_CO[3])
                                                      0.440     9.404 r  tone_cnt_reg[0]_i_1/CO[3]
                         net (fo=1, routed)           0.000     9.404    tone_cnt_reg[0]_i_1_n_0
    SLICE_X1Y163         CARRY4 (Prop_carry4_CI_CO[3])
                                                      0.098     9.502 r  tone_cnt_reg[4]_i_1/CO[3]
                         net (fo=1, routed)           0.000     9.502    tone_cnt_reg[4]_i_1_n_0
    SLICE_X1Y164         CARRY4 (Prop_carry4_CI_O[2])
                                                      0.200     9.702 r  tone_cnt_reg[8]_i_1/O[2]
                         net (fo=1, routed)           0.000     9.702    tone_cnt_reg[8]_i_1_n_5
    SLICE_X1Y164         FDCE                                         r  tone_cnt_reg[10]/D
  -------------------------------------------------------------------    -------------------

                         (clock sys_clk_pin rise edge)
                                                     20.000    20.000 r  
    W19                                               0.000    20.000 r  clk (IN)
                         net (fo=0)                   0.000    20.000    clk
    W19                  IBUF (Prop_ibuf_I_O)         1.374    21.374 r  clk_IBUF_inst/O
                         net (fo=1, routed)           1.734    23.108    clk_IBUF
    BUFGCTRL_X0Y0        BUFG (Prop_bufg_I_O)         0.077    23.185 r  clk_IBUF_BUFG_inst/O
                         net (fo=183, routed)         1.442    24.627    clk_IBUF_BUFG
    SLICE_X1Y164         FDCE                                         r  tone_cnt_reg[10]/C
                         clock pessimism              0.229    24.856    
                         clock uncertainty           -0.035    24.821    
    SLICE_X1Y164         FDCE (Setup_fdce_C_D)        0.059    24.880    tone_cnt_reg[10]
  -------------------------------------------------------------------
                         required time                         24.880    
                         arrival time                          -9.702    
  -------------------------------------------------------------------
                         slack                                 15.178    

Slack (MET) :             15.197ns  (required time - arrival time)
  Source:                 FSM_sequential_state_reg[1]_inv/C
                            (rising edge-triggered cell FDPE clocked by sys_clk_pin  {rise@0.000ns fall@10.000ns period=20.000ns})
  Destination:            tone_cnt_reg[8]/D
                            (rising edge-triggered cell FDCE clocked by sys_clk_pin  {rise@0.000ns fall@10.000ns period=20.000ns})
  Path Group:             sys_clk_pin
  Path Type:              Setup (Max at Slow Process Corner)
  Requirement:            20.000ns  (sys_clk_pin rise@20.000ns - sys_clk_pin rise@0.000ns)
  Data Path Delay:        4.795ns  (logic 1.738ns (36.247%)  route 3.057ns (63.753%))
  Logic Levels:           7  (CARRY4=5 LUT2=1 LUT4=1)
  Clock Path Skew:        -0.032ns (DCD - SCD + CPR)
    Destination Clock Delay (DCD):    4.627ns = ( 24.627 - 20.000 ) 
    Source Clock Delay      (SCD):    4.888ns
    Clock Pessimism Removal (CPR):    0.229ns
  Clock Uncertainty:      0.035ns  ((TSJ^2 + TIJ^2)^1/2 + DJ) / 2 + PE
    Total System Jitter     (TSJ):    0.071ns
    Total Input Jitter      (TIJ):    0.000ns
    Discrete Jitter          (DJ):    0.000ns
    Phase Error              (PE):    0.000ns

    Location             Delay type                Incr(ns)  Path(ns)    Netlist Resource(s)
  -------------------------------------------------------------------    -------------------
                         (clock sys_clk_pin rise edge)
                                                      0.000     0.000 r  
    W19                                               0.000     0.000 r  clk (IN)
                         net (fo=0)                   0.000     0.000    clk
    W19                  IBUF (Prop_ibuf_I_O)         1.440     1.440 r  clk_IBUF_inst/O
                         net (fo=1, routed)           1.827     3.267    clk_IBUF
    BUFGCTRL_X0Y0        BUFG (Prop_bufg_I_O)         0.081     3.348 r  clk_IBUF_BUFG_inst/O
                         net (fo=183, routed)         1.540     4.888    clk_IBUF_BUFG
    SLICE_X5Y170         FDPE                                         r  FSM_sequential_state_reg[1]_inv/C
  -------------------------------------------------------------------    -------------------
    SLICE_X5Y170         FDPE (Prop_fdpe_C_Q)         0.379     5.267 r  FSM_sequential_state_reg[1]_inv/Q
                         net (fo=74, routed)          1.678     6.945    buzzer10
    SLICE_X0Y165         LUT4 (Prop_lut4_I1_O)        0.105     7.050 r  tone_cnt[0]_i_22/O
                         net (fo=1, routed)           0.000     7.050    tone_cnt[0]_i_22_n_0
    SLICE_X0Y165         CARRY4 (Prop_carry4_S[2]_CO[3])
                                                      0.332     7.382 r  tone_cnt_reg[0]_i_8/CO[3]
                         net (fo=1, routed)           0.000     7.382    tone_cnt_reg[0]_i_8_n_0
    SLICE_X0Y166         CARRY4 (Prop_carry4_CI_CO[3])
                                                      0.098     7.480 f  tone_cnt_reg[0]_i_7/CO[3]
                         net (fo=19, routed)          1.379     8.859    tone_cnt_reg[0]_i_7_n_0
    SLICE_X1Y162         LUT2 (Prop_lut2_I1_O)        0.105     8.964 r  tone_cnt[0]_i_6/O
                         net (fo=1, routed)           0.000     8.964    tone_cnt[0]_i_6_n_0
    SLICE_X1Y162         CARRY4 (Prop_carry4_S[0]_CO[3])
                                                      0.440     9.404 r  tone_cnt_reg[0]_i_1/CO[3]
                         net (fo=1, routed)           0.000     9.404    tone_cnt_reg[0]_i_1_n_0
    SLICE_X1Y163         CARRY4 (Prop_carry4_CI_CO[3])
                                                      0.098     9.502 r  tone_cnt_reg[4]_i_1/CO[3]
                         net (fo=1, routed)           0.000     9.502    tone_cnt_reg[4]_i_1_n_0
    SLICE_X1Y164         CARRY4 (Prop_carry4_CI_O[0])
                                                      0.181     9.683 r  tone_cnt_reg[8]_i_1/O[0]
                         net (fo=1, routed)           0.000     9.683    tone_cnt_reg[8]_i_1_n_7
    SLICE_X1Y164         FDCE                                         r  tone_cnt_reg[8]/D
  -------------------------------------------------------------------    -------------------

                         (clock sys_clk_pin rise edge)
                                                     20.000    20.000 r  
    W19                                               0.000    20.000 r  clk (IN)
                         net (fo=0)                   0.000    20.000    clk
    W19                  IBUF (Prop_ibuf_I_O)         1.374    21.374 r  clk_IBUF_inst/O
                         net (fo=1, routed)           1.734    23.108    clk_IBUF
    BUFGCTRL_X0Y0        BUFG (Prop_bufg_I_O)         0.077    23.185 r  clk_IBUF_BUFG_inst/O
                         net (fo=183, routed)         1.442    24.627    clk_IBUF_BUFG
    SLICE_X1Y164         FDCE                                         r  tone_cnt_reg[8]/C
                         clock pessimism              0.229    24.856    
                         clock uncertainty           -0.035    24.821    
    SLICE_X1Y164         FDCE (Setup_fdce_C_D)        0.059    24.880    tone_cnt_reg[8]
  -------------------------------------------------------------------
                         required time                         24.880    
                         arrival time                          -9.683    
  -------------------------------------------------------------------
                         slack                                 15.197    





Min Delay Paths
--------------------------------------------------------------------------------------
Slack (MET) :             0.171ns  (arrival time - required time)
  Source:                 key_shift_reg[1][0]/C
                            (rising edge-triggered cell FDCE clocked by sys_clk_pin  {rise@0.000ns fall@10.000ns period=20.000ns})
  Destination:            key_shift_reg[1][1]/D
                            (rising edge-triggered cell FDCE clocked by sys_clk_pin  {rise@0.000ns fall@10.000ns period=20.000ns})
  Path Group:             sys_clk_pin
  Path Type:              Hold (Min at Fast Process Corner)
  Requirement:            0.000ns  (sys_clk_pin rise@0.000ns - sys_clk_pin rise@0.000ns)
  Data Path Delay:        0.231ns  (logic 0.164ns (71.039%)  route 0.067ns (28.961%))
  Logic Levels:           0  
  Clock Path Skew:        0.000ns (DCD - SCD - CPR)
    Destination Clock Delay (DCD):    2.130ns
    Source Clock Delay      (SCD):    1.610ns
    Clock Pessimism Removal (CPR):    0.521ns

    Location             Delay type                Incr(ns)  Path(ns)    Netlist Resource(s)
  -------------------------------------------------------------------    -------------------
                         (clock sys_clk_pin rise edge)
                                                      0.000     0.000 r  
    W19                                               0.000     0.000 r  clk (IN)
                         net (fo=0)                   0.000     0.000    clk
    W19                  IBUF (Prop_ibuf_I_O)         0.277     0.277 r  clk_IBUF_inst/O
                         net (fo=1, routed)           0.690     0.967    clk_IBUF
    BUFGCTRL_X0Y0        BUFG (Prop_bufg_I_O)         0.026     0.993 r  clk_IBUF_BUFG_inst/O
                         net (fo=183, routed)         0.617     1.610    clk_IBUF_BUFG
    SLICE_X10Y169        FDCE                                         r  key_shift_reg[1][0]/C
  -------------------------------------------------------------------    -------------------
    SLICE_X10Y169        FDCE (Prop_fdce_C_Q)         0.164     1.774 r  key_shift_reg[1][0]/Q
                         net (fo=3, routed)           0.067     1.841    key_shift_reg_n_0_[1][0]
    SLICE_X10Y169        FDCE                                         r  key_shift_reg[1][1]/D
  -------------------------------------------------------------------    -------------------

                         (clock sys_clk_pin rise edge)
                                                      0.000     0.000 r  
    W19                                               0.000     0.000 r  clk (IN)
                         net (fo=0)                   0.000     0.000    clk
    W19                  IBUF (Prop_ibuf_I_O)         0.465     0.465 r  clk_IBUF_inst/O
                         net (fo=1, routed)           0.750     1.215    clk_IBUF
    BUFGCTRL_X0Y0        BUFG (Prop_bufg_I_O)         0.029     1.244 r  clk_IBUF_BUFG_inst/O
                         net (fo=183, routed)         0.887     2.130    clk_IBUF_BUFG
    SLICE_X10Y169        FDCE                                         r  key_shift_reg[1][1]/C
                         clock pessimism             -0.521     1.610    
    SLICE_X10Y169        FDCE (Hold_fdce_C_D)         0.060     1.670    key_shift_reg[1][1]
  -------------------------------------------------------------------
                         required time                         -1.670    
                         arrival time                           1.841    
  -------------------------------------------------------------------
                         slack                                  0.171    

Slack (MET) :             0.171ns  (arrival time - required time)
  Source:                 key_shift_reg[2][0]/C
                            (rising edge-triggered cell FDCE clocked by sys_clk_pin  {rise@0.000ns fall@10.000ns period=20.000ns})
  Destination:            key_shift_reg[2][1]/D
                            (rising edge-triggered cell FDCE clocked by sys_clk_pin  {rise@0.000ns fall@10.000ns period=20.000ns})
  Path Group:             sys_clk_pin
  Path Type:              Hold (Min at Fast Process Corner)
  Requirement:            0.000ns  (sys_clk_pin rise@0.000ns - sys_clk_pin rise@0.000ns)
  Data Path Delay:        0.231ns  (logic 0.164ns (71.013%)  route 0.067ns (28.987%))
  Logic Levels:           0  
  Clock Path Skew:        0.000ns (DCD - SCD - CPR)
    Destination Clock Delay (DCD):    2.135ns
    Source Clock Delay      (SCD):    1.614ns
    Clock Pessimism Removal (CPR):    0.522ns

    Location             Delay type                Incr(ns)  Path(ns)    Netlist Resource(s)
  -------------------------------------------------------------------    -------------------
                         (clock sys_clk_pin rise edge)
                                                      0.000     0.000 r  
    W19                                               0.000     0.000 r  clk (IN)
                         net (fo=0)                   0.000     0.000    clk
    W19                  IBUF (Prop_ibuf_I_O)         0.277     0.277 r  clk_IBUF_inst/O
                         net (fo=1, routed)           0.690     0.967    clk_IBUF
    BUFGCTRL_X0Y0        BUFG (Prop_bufg_I_O)         0.026     0.993 r  clk_IBUF_BUFG_inst/O
                         net (fo=183, routed)         0.621     1.614    clk_IBUF_BUFG
    SLICE_X8Y164         FDCE                                         r  key_shift_reg[2][0]/C
  -------------------------------------------------------------------    -------------------
    SLICE_X8Y164         FDCE (Prop_fdce_C_Q)         0.164     1.778 r  key_shift_reg[2][0]/Q
                         net (fo=3, routed)           0.067     1.845    key_shift_reg_n_0_[2][0]
    SLICE_X8Y164         FDCE                                         r  key_shift_reg[2][1]/D
  -------------------------------------------------------------------    -------------------

                         (clock sys_clk_pin rise edge)
                                                      0.000     0.000 r  
    W19                                               0.000     0.000 r  clk (IN)
                         net (fo=0)                   0.000     0.000    clk
    W19                  IBUF (Prop_ibuf_I_O)         0.465     0.465 r  clk_IBUF_inst/O
                         net (fo=1, routed)           0.750     1.215    clk_IBUF
    BUFGCTRL_X0Y0        BUFG (Prop_bufg_I_O)         0.029     1.244 r  clk_IBUF_BUFG_inst/O
                         net (fo=183, routed)         0.891     2.135    clk_IBUF_BUFG
    SLICE_X8Y164         FDCE                                         r  key_shift_reg[2][1]/C
                         clock pessimism             -0.522     1.614    
    SLICE_X8Y164         FDCE (Hold_fdce_C_D)         0.060     1.674    key_shift_reg[2][1]
  -------------------------------------------------------------------
                         required time                         -1.674    
                         arrival time                           1.845    
  -------------------------------------------------------------------
                         slack                                  0.171    

Slack (MET) :             0.187ns  (arrival time - required time)
  Source:                 lfsr_reg[6]/C
                            (rising edge-triggered cell FDCE clocked by sys_clk_pin  {rise@0.000ns fall@10.000ns period=20.000ns})
  Destination:            lfsr_reg[7]/D
                            (rising edge-triggered cell FDPE clocked by sys_clk_pin  {rise@0.000ns fall@10.000ns period=20.000ns})
  Path Group:             sys_clk_pin
  Path Type:              Hold (Min at Fast Process Corner)
  Requirement:            0.000ns  (sys_clk_pin rise@0.000ns - sys_clk_pin rise@0.000ns)
  Data Path Delay:        0.272ns  (logic 0.164ns (60.198%)  route 0.108ns (39.802%))
  Logic Levels:           0  
  Clock Path Skew:        0.013ns (DCD - SCD - CPR)
    Destination Clock Delay (DCD):    2.127ns
    Source Clock Delay      (SCD):    1.608ns
    Clock Pessimism Removal (CPR):    0.507ns

    Location             Delay type                Incr(ns)  Path(ns)    Netlist Resource(s)
  -------------------------------------------------------------------    -------------------
                         (clock sys_clk_pin rise edge)
                                                      0.000     0.000 r  
    W19                                               0.000     0.000 r  clk (IN)
                         net (fo=0)                   0.000     0.000    clk
    W19                  IBUF (Prop_ibuf_I_O)         0.277     0.277 r  clk_IBUF_inst/O
                         net (fo=1, routed)           0.690     0.967    clk_IBUF
    BUFGCTRL_X0Y0        BUFG (Prop_bufg_I_O)         0.026     0.993 r  clk_IBUF_BUFG_inst/O
                         net (fo=183, routed)         0.615     1.608    clk_IBUF_BUFG
    SLICE_X10Y172        FDCE                                         r  lfsr_reg[6]/C
  -------------------------------------------------------------------    -------------------
    SLICE_X10Y172        FDCE (Prop_fdce_C_Q)         0.164     1.772 r  lfsr_reg[6]/Q
                         net (fo=1, routed)           0.108     1.880    lfsr__0[6]
    SLICE_X11Y172        FDPE                                         r  lfsr_reg[7]/D
  -------------------------------------------------------------------    -------------------

                         (clock sys_clk_pin rise edge)
                                                      0.000     0.000 r  
    W19                                               0.000     0.000 r  clk (IN)
                         net (fo=0)                   0.000     0.000    clk
    W19                  IBUF (Prop_ibuf_I_O)         0.465     0.465 r  clk_IBUF_inst/O
                         net (fo=1, routed)           0.750     1.215    clk_IBUF
    BUFGCTRL_X0Y0        BUFG (Prop_bufg_I_O)         0.029     1.244 r  clk_IBUF_BUFG_inst/O
                         net (fo=183, routed)         0.883     2.127    clk_IBUF_BUFG
    SLICE_X11Y172        FDPE                                         r  lfsr_reg[7]/C
                         clock pessimism             -0.507     1.621    
    SLICE_X11Y172        FDPE (Hold_fdpe_C_D)         0.072     1.693    lfsr_reg[7]
  -------------------------------------------------------------------
                         required time                         -1.693    
                         arrival time                           1.880    
  -------------------------------------------------------------------
                         slack                                  0.187    

Slack (MET) :             0.190ns  (arrival time - required time)
  Source:                 key_shift_reg[3][4]/C
                            (rising edge-triggered cell FDCE clocked by sys_clk_pin  {rise@0.000ns fall@10.000ns period=20.000ns})
  Destination:            key_shift_reg[3][5]/D
                            (rising edge-triggered cell FDCE clocked by sys_clk_pin  {rise@0.000ns fall@10.000ns period=20.000ns})
  Path Group:             sys_clk_pin
  Path Type:              Hold (Min at Fast Process Corner)
  Requirement:            0.000ns  (sys_clk_pin rise@0.000ns - sys_clk_pin rise@0.000ns)
  Data Path Delay:        0.263ns  (logic 0.141ns (53.608%)  route 0.122ns (46.392%))
  Logic Levels:           0  
  Clock Path Skew:        0.013ns (DCD - SCD - CPR)
    Destination Clock Delay (DCD):    2.135ns
    Source Clock Delay      (SCD):    1.614ns
    Clock Pessimism Removal (CPR):    0.509ns

    Location             Delay type                Incr(ns)  Path(ns)    Netlist Resource(s)
  -------------------------------------------------------------------    -------------------
                         (clock sys_clk_pin rise edge)
                                                      0.000     0.000 r  
    W19                                               0.000     0.000 r  clk (IN)
                         net (fo=0)                   0.000     0.000    clk
    W19                  IBUF (Prop_ibuf_I_O)         0.277     0.277 r  clk_IBUF_inst/O
                         net (fo=1, routed)           0.690     0.967    clk_IBUF
    BUFGCTRL_X0Y0        BUFG (Prop_bufg_I_O)         0.026     0.993 r  clk_IBUF_BUFG_inst/O
                         net (fo=183, routed)         0.621     1.614    clk_IBUF_BUFG
    SLICE_X11Y164        FDCE                                         r  key_shift_reg[3][4]/C
  -------------------------------------------------------------------    -------------------
    SLICE_X11Y164        FDCE (Prop_fdce_C_Q)         0.141     1.755 r  key_shift_reg[3][4]/Q
                         net (fo=3, routed)           0.122     1.877    key_shift_reg_n_0_[3][4]
    SLICE_X10Y164        FDCE                                         r  key_shift_reg[3][5]/D
  -------------------------------------------------------------------    -------------------

                         (clock sys_clk_pin rise edge)
                                                      0.000     0.000 r  
    W19                                               0.000     0.000 r  clk (IN)
                         net (fo=0)                   0.000     0.000    clk
    W19                  IBUF (Prop_ibuf_I_O)         0.465     0.465 r  clk_IBUF_inst/O
                         net (fo=1, routed)           0.750     1.215    clk_IBUF
    BUFGCTRL_X0Y0        BUFG (Prop_bufg_I_O)         0.029     1.244 r  clk_IBUF_BUFG_inst/O
                         net (fo=183, routed)         0.891     2.135    clk_IBUF_BUFG
    SLICE_X10Y164        FDCE                                         r  key_shift_reg[3][5]/C
                         clock pessimism             -0.509     1.627    
    SLICE_X10Y164        FDCE (Hold_fdce_C_D)         0.060     1.687    key_shift_reg[3][5]
  -------------------------------------------------------------------
                         required time                         -1.687    
                         arrival time                           1.877    
  -------------------------------------------------------------------
                         slack                                  0.190    

Slack (MET) :             0.194ns  (arrival time - required time)
  Source:                 key_shift_reg[2][1]/C
                            (rising edge-triggered cell FDCE clocked by sys_clk_pin  {rise@0.000ns fall@10.000ns period=20.000ns})
  Destination:            key_shift_reg[2][2]/D
                            (rising edge-triggered cell FDCE clocked by sys_clk_pin  {rise@0.000ns fall@10.000ns period=20.000ns})
  Path Group:             sys_clk_pin
  Path Type:              Hold (Min at Fast Process Corner)
  Requirement:            0.000ns  (sys_clk_pin rise@0.000ns - sys_clk_pin rise@0.000ns)
  Data Path Delay:        0.217ns  (logic 0.148ns (68.349%)  route 0.069ns (31.651%))
  Logic Levels:           0  
  Clock Path Skew:        0.000ns (DCD - SCD - CPR)
    Destination Clock Delay (DCD):    2.135ns
    Source Clock Delay      (SCD):    1.614ns
    Clock Pessimism Removal (CPR):    0.522ns

    Location             Delay type                Incr(ns)  Path(ns)    Netlist Resource(s)
  -------------------------------------------------------------------    -------------------
                         (clock sys_clk_pin rise edge)
                                                      0.000     0.000 r  
    W19                                               0.000     0.000 r  clk (IN)
                         net (fo=0)                   0.000     0.000    clk
    W19                  IBUF (Prop_ibuf_I_O)         0.277     0.277 r  clk_IBUF_inst/O
                         net (fo=1, routed)           0.690     0.967    clk_IBUF
    BUFGCTRL_X0Y0        BUFG (Prop_bufg_I_O)         0.026     0.993 r  clk_IBUF_BUFG_inst/O
                         net (fo=183, routed)         0.621     1.614    clk_IBUF_BUFG
    SLICE_X8Y164         FDCE                                         r  key_shift_reg[2][1]/C
  -------------------------------------------------------------------    -------------------
    SLICE_X8Y164         FDCE (Prop_fdce_C_Q)         0.148     1.762 r  key_shift_reg[2][1]/Q
                         net (fo=3, routed)           0.069     1.830    key_shift_reg_n_0_[2][1]
    SLICE_X8Y164         FDCE                                         r  key_shift_reg[2][2]/D
  -------------------------------------------------------------------    -------------------

                         (clock sys_clk_pin rise edge)
                                                      0.000     0.000 r  
    W19                                               0.000     0.000 r  clk (IN)
                         net (fo=0)                   0.000     0.000    clk
    W19                  IBUF (Prop_ibuf_I_O)         0.465     0.465 r  clk_IBUF_inst/O
                         net (fo=1, routed)           0.750     1.215    clk_IBUF
    BUFGCTRL_X0Y0        BUFG (Prop_bufg_I_O)         0.029     1.244 r  clk_IBUF_BUFG_inst/O
                         net (fo=183, routed)         0.891     2.135    clk_IBUF_BUFG
    SLICE_X8Y164         FDCE                                         r  key_shift_reg[2][2]/C
                         clock pessimism             -0.522     1.614    
    SLICE_X8Y164         FDCE (Hold_fdce_C_D)         0.023     1.637    key_shift_reg[2][2]
  -------------------------------------------------------------------
                         required time                         -1.637    
                         arrival time                           1.830    
  -------------------------------------------------------------------
                         slack                                  0.194    

Slack (MET) :             0.201ns  (arrival time - required time)
  Source:                 kill_n_reg[1]/C
                            (rising edge-triggered cell FDCE clocked by sys_clk_pin  {rise@0.000ns fall@10.000ns period=20.000ns})
  Destination:            kill_n_reg[3]/D
                            (rising edge-triggered cell FDCE clocked by sys_clk_pin  {rise@0.000ns fall@10.000ns period=20.000ns})
  Path Group:             sys_clk_pin
  Path Type:              Hold (Min at Fast Process Corner)
  Requirement:            0.000ns  (sys_clk_pin rise@0.000ns - sys_clk_pin rise@0.000ns)
  Data Path Delay:        0.321ns  (logic 0.190ns (59.267%)  route 0.131ns (40.733%))
  Logic Levels:           1  (LUT5=1)
  Clock Path Skew:        0.013ns (DCD - SCD - CPR)
    Destination Clock Delay (DCD):    2.153ns
    Source Clock Delay      (SCD):    1.632ns
    Clock Pessimism Removal (CPR):    0.509ns

    Location             Delay type                Incr(ns)  Path(ns)    Netlist Resource(s)
  -------------------------------------------------------------------    -------------------
                         (clock sys_clk_pin rise edge)
                                                      0.000     0.000 r  
    W19                                               0.000     0.000 r  clk (IN)
                         net (fo=0)                   0.000     0.000    clk
    W19                  IBUF (Prop_ibuf_I_O)         0.277     0.277 r  clk_IBUF_inst/O
                         net (fo=1, routed)           0.690     0.967    clk_IBUF
    BUFGCTRL_X0Y0        BUFG (Prop_bufg_I_O)         0.026     0.993 r  clk_IBUF_BUFG_inst/O
                         net (fo=183, routed)         0.639     1.632    clk_IBUF_BUFG
    SLICE_X5Y174         FDCE                                         r  kill_n_reg[1]/C
  -------------------------------------------------------------------    -------------------
    SLICE_X5Y174         FDCE (Prop_fdce_C_Q)         0.141     1.773 r  kill_n_reg[1]/Q
                         net (fo=9, routed)           0.131     1.903    kill_n_reg_n_0_[1]
    SLICE_X4Y174         LUT5 (Prop_lut5_I2_O)        0.049     1.952 r  kill_n[3]_i_1/O
                         net (fo=1, routed)           0.000     1.952    kill_n[3]_i_1_n_0
    SLICE_X4Y174         FDCE                                         r  kill_n_reg[3]/D
  -------------------------------------------------------------------    -------------------

                         (clock sys_clk_pin rise edge)
                                                      0.000     0.000 r  
    W19                                               0.000     0.000 r  clk (IN)
                         net (fo=0)                   0.000     0.000    clk
    W19                  IBUF (Prop_ibuf_I_O)         0.465     0.465 r  clk_IBUF_inst/O
                         net (fo=1, routed)           0.750     1.215    clk_IBUF
    BUFGCTRL_X0Y0        BUFG (Prop_bufg_I_O)         0.029     1.244 r  clk_IBUF_BUFG_inst/O
                         net (fo=183, routed)         0.910     2.153    clk_IBUF_BUFG
    SLICE_X4Y174         FDCE                                         r  kill_n_reg[3]/C
                         clock pessimism             -0.509     1.645    
    SLICE_X4Y174         FDCE (Hold_fdce_C_D)         0.107     1.752    kill_n_reg[3]
  -------------------------------------------------------------------
                         required time                         -1.752    
                         arrival time                           1.952    
  -------------------------------------------------------------------
                         slack                                  0.201    

Slack (MET) :             0.202ns  (arrival time - required time)
  Source:                 lfsr_reg[0]/C
                            (rising edge-triggered cell FDPE clocked by sys_clk_pin  {rise@0.000ns fall@10.000ns period=20.000ns})
  Destination:            lfsr_reg[1]/D
                            (rising edge-triggered cell FDCE clocked by sys_clk_pin  {rise@0.000ns fall@10.000ns period=20.000ns})
  Path Group:             sys_clk_pin
  Path Type:              Hold (Min at Fast Process Corner)
  Requirement:            0.000ns  (sys_clk_pin rise@0.000ns - sys_clk_pin rise@0.000ns)
  Data Path Delay:        0.296ns  (logic 0.141ns (47.716%)  route 0.155ns (52.284%))
  Logic Levels:           0  
  Clock Path Skew:        0.035ns (DCD - SCD - CPR)
    Destination Clock Delay (DCD):    2.127ns
    Source Clock Delay      (SCD):    1.608ns
    Clock Pessimism Removal (CPR):    0.485ns

    Location             Delay type                Incr(ns)  Path(ns)    Netlist Resource(s)
  -------------------------------------------------------------------    -------------------
                         (clock sys_clk_pin rise edge)
                                                      0.000     0.000 r  
    W19                                               0.000     0.000 r  clk (IN)
                         net (fo=0)                   0.000     0.000    clk
    W19                  IBUF (Prop_ibuf_I_O)         0.277     0.277 r  clk_IBUF_inst/O
                         net (fo=1, routed)           0.690     0.967    clk_IBUF
    BUFGCTRL_X0Y0        BUFG (Prop_bufg_I_O)         0.026     0.993 r  clk_IBUF_BUFG_inst/O
                         net (fo=183, routed)         0.615     1.608    clk_IBUF_BUFG
    SLICE_X11Y172        FDPE                                         r  lfsr_reg[0]/C
  -------------------------------------------------------------------    -------------------
    SLICE_X11Y172        FDPE (Prop_fdpe_C_Q)         0.141     1.749 r  lfsr_reg[0]/Q
                         net (fo=8, routed)           0.155     1.903    lfsr[0]
    SLICE_X8Y172         FDCE                                         r  lfsr_reg[1]/D
  -------------------------------------------------------------------    -------------------

                         (clock sys_clk_pin rise edge)
                                                      0.000     0.000 r  
    W19                                               0.000     0.000 r  clk (IN)
                         net (fo=0)                   0.000     0.000    clk
    W19                  IBUF (Prop_ibuf_I_O)         0.465     0.465 r  clk_IBUF_inst/O
                         net (fo=1, routed)           0.750     1.215    clk_IBUF
    BUFGCTRL_X0Y0        BUFG (Prop_bufg_I_O)         0.029     1.244 r  clk_IBUF_BUFG_inst/O
                         net (fo=183, routed)         0.883     2.127    clk_IBUF_BUFG
    SLICE_X8Y172         FDCE                                         r  lfsr_reg[1]/C
                         clock pessimism             -0.485     1.643    
    SLICE_X8Y172         FDCE (Hold_fdce_C_D)         0.059     1.702    lfsr_reg[1]
  -------------------------------------------------------------------
                         required time                         -1.702    
                         arrival time                           1.903    
  -------------------------------------------------------------------
                         slack                                  0.202    

Slack (MET) :             0.203ns  (arrival time - required time)
  Source:                 key_stable_reg[1]/C
                            (rising edge-triggered cell FDCE clocked by sys_clk_pin  {rise@0.000ns fall@10.000ns period=20.000ns})
  Destination:            key_stable_dly_reg[1]/D
                            (rising edge-triggered cell FDCE clocked by sys_clk_pin  {rise@0.000ns fall@10.000ns period=20.000ns})
  Path Group:             sys_clk_pin
  Path Type:              Hold (Min at Fast Process Corner)
  Requirement:            0.000ns  (sys_clk_pin rise@0.000ns - sys_clk_pin rise@0.000ns)
  Data Path Delay:        0.286ns  (logic 0.141ns (49.359%)  route 0.145ns (50.641%))
  Logic Levels:           0  
  Clock Path Skew:        0.013ns (DCD - SCD - CPR)
    Destination Clock Delay (DCD):    2.128ns
    Source Clock Delay      (SCD):    1.609ns
    Clock Pessimism Removal (CPR):    0.507ns

    Location             Delay type                Incr(ns)  Path(ns)    Netlist Resource(s)
  -------------------------------------------------------------------    -------------------
                         (clock sys_clk_pin rise edge)
                                                      0.000     0.000 r  
    W19                                               0.000     0.000 r  clk (IN)
                         net (fo=0)                   0.000     0.000    clk
    W19                  IBUF (Prop_ibuf_I_O)         0.277     0.277 r  clk_IBUF_inst/O
                         net (fo=1, routed)           0.690     0.967    clk_IBUF
    BUFGCTRL_X0Y0        BUFG (Prop_bufg_I_O)         0.026     0.993 r  clk_IBUF_BUFG_inst/O
                         net (fo=183, routed)         0.616     1.609    clk_IBUF_BUFG
    SLICE_X9Y170         FDCE                                         r  key_stable_reg[1]/C
  -------------------------------------------------------------------    -------------------
    SLICE_X9Y170         FDCE (Prop_fdce_C_Q)         0.141     1.750 r  key_stable_reg[1]/Q
                         net (fo=5, routed)           0.145     1.894    key_stable_reg_n_0_[1]
    SLICE_X9Y171         FDCE                                         r  key_stable_dly_reg[1]/D
  -------------------------------------------------------------------    -------------------

                         (clock sys_clk_pin rise edge)
                                                      0.000     0.000 r  
    W19                                               0.000     0.000 r  clk (IN)
                         net (fo=0)                   0.000     0.000    clk
    W19                  IBUF (Prop_ibuf_I_O)         0.465     0.465 r  clk_IBUF_inst/O
                         net (fo=1, routed)           0.750     1.215    clk_IBUF
    BUFGCTRL_X0Y0        BUFG (Prop_bufg_I_O)         0.029     1.244 r  clk_IBUF_BUFG_inst/O
                         net (fo=183, routed)         0.885     2.128    clk_IBUF_BUFG
    SLICE_X9Y171         FDCE                                         r  key_stable_dly_reg[1]/C
                         clock pessimism             -0.507     1.622    
    SLICE_X9Y171         FDCE (Hold_fdce_C_D)         0.070     1.692    key_stable_dly_reg[1]
  -------------------------------------------------------------------
                         required time                         -1.692    
                         arrival time                           1.894    
  -------------------------------------------------------------------
                         slack                                  0.203    

Slack (MET) :             0.206ns  (arrival time - required time)
  Source:                 key_shift_reg[1][2]/C
                            (rising edge-triggered cell FDCE clocked by sys_clk_pin  {rise@0.000ns fall@10.000ns period=20.000ns})
  Destination:            key_shift_reg[1][3]/D
                            (rising edge-triggered cell FDCE clocked by sys_clk_pin  {rise@0.000ns fall@10.000ns period=20.000ns})
  Path Group:             sys_clk_pin
  Path Type:              Hold (Min at Fast Process Corner)
  Requirement:            0.000ns  (sys_clk_pin rise@0.000ns - sys_clk_pin rise@0.000ns)
  Data Path Delay:        0.289ns  (logic 0.164ns (56.681%)  route 0.125ns (43.319%))
  Logic Levels:           0  
  Clock Path Skew:        0.013ns (DCD - SCD - CPR)
    Destination Clock Delay (DCD):    2.129ns
    Source Clock Delay      (SCD):    1.610ns
    Clock Pessimism Removal (CPR):    0.507ns

    Location             Delay type                Incr(ns)  Path(ns)    Netlist Resource(s)
  -------------------------------------------------------------------    -------------------
                         (clock sys_clk_pin rise edge)
                                                      0.000     0.000 r  
    W19                                               0.000     0.000 r  clk (IN)
                         net (fo=0)                   0.000     0.000    clk
    W19                  IBUF (Prop_ibuf_I_O)         0.277     0.277 r  clk_IBUF_inst/O
                         net (fo=1, routed)           0.690     0.967    clk_IBUF
    BUFGCTRL_X0Y0        BUFG (Prop_bufg_I_O)         0.026     0.993 r  clk_IBUF_BUFG_inst/O
                         net (fo=183, routed)         0.617     1.610    clk_IBUF_BUFG
    SLICE_X10Y169        FDCE                                         r  key_shift_reg[1][2]/C
  -------------------------------------------------------------------    -------------------
    SLICE_X10Y169        FDCE (Prop_fdce_C_Q)         0.164     1.774 r  key_shift_reg[1][2]/Q
                         net (fo=3, routed)           0.125     1.899    key_shift_reg_n_0_[1][2]
    SLICE_X11Y170        FDCE                                         r  key_shift_reg[1][3]/D
  -------------------------------------------------------------------    -------------------

                         (clock sys_clk_pin rise edge)
                                                      0.000     0.000 r  
    W19                                               0.000     0.000 r  clk (IN)
                         net (fo=0)                   0.000     0.000    clk
    W19                  IBUF (Prop_ibuf_I_O)         0.465     0.465 r  clk_IBUF_inst/O
                         net (fo=1, routed)           0.750     1.215    clk_IBUF
    BUFGCTRL_X0Y0        BUFG (Prop_bufg_I_O)         0.029     1.244 r  clk_IBUF_BUFG_inst/O
                         net (fo=183, routed)         0.886     2.129    clk_IBUF_BUFG
    SLICE_X11Y170        FDCE                                         r  key_shift_reg[1][3]/C
                         clock pessimism             -0.507     1.623    
    SLICE_X11Y170        FDCE (Hold_fdce_C_D)         0.070     1.693    key_shift_reg[1][3]
  -------------------------------------------------------------------
                         required time                         -1.693    
                         arrival time                           1.899    
  -------------------------------------------------------------------
                         slack                                  0.206    

Slack (MET) :             0.210ns  (arrival time - required time)
  Source:                 key_shift_reg[2][3]/C
                            (rising edge-triggered cell FDCE clocked by sys_clk_pin  {rise@0.000ns fall@10.000ns period=20.000ns})
  Destination:            key_shift_reg[2][4]/D
                            (rising edge-triggered cell FDCE clocked by sys_clk_pin  {rise@0.000ns fall@10.000ns period=20.000ns})
  Path Group:             sys_clk_pin
  Path Type:              Hold (Min at Fast Process Corner)
  Requirement:            0.000ns  (sys_clk_pin rise@0.000ns - sys_clk_pin rise@0.000ns)
  Data Path Delay:        0.286ns  (logic 0.164ns (57.408%)  route 0.122ns (42.592%))
  Logic Levels:           0  
  Clock Path Skew:        0.000ns (DCD - SCD - CPR)
    Destination Clock Delay (DCD):    2.135ns
    Source Clock Delay      (SCD):    1.614ns
    Clock Pessimism Removal (CPR):    0.522ns

    Location             Delay type                Incr(ns)  Path(ns)    Netlist Resource(s)
  -------------------------------------------------------------------    -------------------
                         (clock sys_clk_pin rise edge)
                                                      0.000     0.000 r  
    W19                                               0.000     0.000 r  clk (IN)
                         net (fo=0)                   0.000     0.000    clk
    W19                  IBUF (Prop_ibuf_I_O)         0.277     0.277 r  clk_IBUF_inst/O
                         net (fo=1, routed)           0.690     0.967    clk_IBUF
    BUFGCTRL_X0Y0        BUFG (Prop_bufg_I_O)         0.026     0.993 r  clk_IBUF_BUFG_inst/O
                         net (fo=183, routed)         0.621     1.614    clk_IBUF_BUFG
    SLICE_X8Y164         FDCE                                         r  key_shift_reg[2][3]/C
  -------------------------------------------------------------------    -------------------
    SLICE_X8Y164         FDCE (Prop_fdce_C_Q)         0.164     1.778 r  key_shift_reg[2][3]/Q
                         net (fo=3, routed)           0.122     1.899    key_shift_reg_n_0_[2][3]
    SLICE_X8Y164         FDCE                                         r  key_shift_reg[2][4]/D
  -------------------------------------------------------------------    -------------------

                         (clock sys_clk_pin rise edge)
                                                      0.000     0.000 r  
    W19                                               0.000     0.000 r  clk (IN)
                         net (fo=0)                   0.000     0.000    clk
    W19                  IBUF (Prop_ibuf_I_O)         0.465     0.465 r  clk_IBUF_inst/O
                         net (fo=1, routed)           0.750     1.215    clk_IBUF
    BUFGCTRL_X0Y0        BUFG (Prop_bufg_I_O)         0.029     1.244 r  clk_IBUF_BUFG_inst/O
                         net (fo=183, routed)         0.891     2.135    clk_IBUF_BUFG
    SLICE_X8Y164         FDCE                                         r  key_shift_reg[2][4]/C
                         clock pessimism             -0.522     1.614    
    SLICE_X8Y164         FDCE (Hold_fdce_C_D)         0.076     1.690    key_shift_reg[2][4]
  -------------------------------------------------------------------
                         required time                         -1.690    
                         arrival time                           1.899    
  -------------------------------------------------------------------
                         slack                                  0.210    





Pulse Width Checks
--------------------------------------------------------------------------------------
Clock Name:         sys_clk_pin
Waveform(ns):       { 0.000 10.000 }
Period(ns):         20.000
Sources:            { clk }

Check Type        Corner  Lib Pin  Reference Pin  Required(ns)  Actual(ns)  Slack(ns)  Location       Pin
Min Period        n/a     BUFG/I   n/a            1.592         20.000      18.408     BUFGCTRL_X0Y0  clk_IBUF_BUFG_inst/I
Min Period        n/a     FDCE/C   n/a            1.000         20.000      19.000     SLICE_X5Y171   FSM_sequential_state_reg[0]/C
Min Period        n/a     FDPE/C   n/a            1.000         20.000      19.000     SLICE_X5Y170   FSM_sequential_state_reg[1]_inv/C
Min Period        n/a     FDCE/C   n/a            1.000         20.000      19.000     SLICE_X5Y164   beep_cnt_reg[0]/C
Min Period        n/a     FDCE/C   n/a            1.000         20.000      19.000     SLICE_X5Y164   beep_cnt_reg[10]/C
Min Period        n/a     FDCE/C   n/a            1.000         20.000      19.000     SLICE_X2Y164   beep_cnt_reg[11]/C
Min Period        n/a     FDCE/C   n/a            1.000         20.000      19.000     SLICE_X5Y164   beep_cnt_reg[12]/C
Min Period        n/a     FDCE/C   n/a            1.000         20.000      19.000     SLICE_X2Y167   beep_cnt_reg[13]/C
Min Period        n/a     FDCE/C   n/a            1.000         20.000      19.000     SLICE_X5Y166   beep_cnt_reg[14]/C
Min Period        n/a     FDCE/C   n/a            1.000         20.000      19.000     SLICE_X2Y167   beep_cnt_reg[15]/C
Low Pulse Width   Slow    FDCE/C   n/a            0.500         10.000      9.500      SLICE_X5Y171   FSM_sequential_state_reg[0]/C
Low Pulse Width   Fast    FDCE/C   n/a            0.500         10.000      9.500      SLICE_X5Y171   FSM_sequential_state_reg[0]/C
Low Pulse Width   Slow    FDPE/C   n/a            0.500         10.000      9.500      SLICE_X5Y170   FSM_sequential_state_reg[1]_inv/C
Low Pulse Width   Fast    FDPE/C   n/a            0.500         10.000      9.500      SLICE_X5Y170   FSM_sequential_state_reg[1]_inv/C
Low Pulse Width   Slow    FDCE/C   n/a            0.500         10.000      9.500      SLICE_X5Y164   beep_cnt_reg[0]/C
Low Pulse Width   Fast    FDCE/C   n/a            0.500         10.000      9.500      SLICE_X5Y164   beep_cnt_reg[0]/C
Low Pulse Width   Slow    FDCE/C   n/a            0.500         10.000      9.500      SLICE_X5Y164   beep_cnt_reg[10]/C
Low Pulse Width   Fast    FDCE/C   n/a            0.500         10.000      9.500      SLICE_X5Y164   beep_cnt_reg[10]/C
Low Pulse Width   Slow    FDCE/C   n/a            0.500         10.000      9.500      SLICE_X2Y164   beep_cnt_reg[11]/C
Low Pulse Width   Fast    FDCE/C   n/a            0.500         10.000      9.500      SLICE_X2Y164   beep_cnt_reg[11]/C
High Pulse Width  Slow    FDCE/C   n/a            0.500         10.000      9.500      SLICE_X5Y171   FSM_sequential_state_reg[0]/C
High Pulse Width  Fast    FDCE/C   n/a            0.500         10.000      9.500      SLICE_X5Y171   FSM_sequential_state_reg[0]/C
High Pulse Width  Slow    FDPE/C   n/a            0.500         10.000      9.500      SLICE_X5Y170   FSM_sequential_state_reg[1]_inv/C
High Pulse Width  Fast    FDPE/C   n/a            0.500         10.000      9.500      SLICE_X5Y170   FSM_sequential_state_reg[1]_inv/C
High Pulse Width  Slow    FDCE/C   n/a            0.500         10.000      9.500      SLICE_X5Y164   beep_cnt_reg[0]/C
High Pulse Width  Fast    FDCE/C   n/a            0.500         10.000      9.500      SLICE_X5Y164   beep_cnt_reg[0]/C
High Pulse Width  Slow    FDCE/C   n/a            0.500         10.000      9.500      SLICE_X5Y164   beep_cnt_reg[10]/C
High Pulse Width  Fast    FDCE/C   n/a            0.500         10.000      9.500      SLICE_X5Y164   beep_cnt_reg[10]/C
High Pulse Width  Slow    FDCE/C   n/a            0.500         10.000      9.500      SLICE_X2Y164   beep_cnt_reg[11]/C
High Pulse Width  Fast    FDCE/C   n/a            0.500         10.000      9.500      SLICE_X2Y164   beep_cnt_reg[11]/C



--------------------------------------------------------------------------------------
Path Group:  (none)
From Clock:  sys_clk_pin
  To Clock:  

Max Delay            18 Endpoints
Min Delay            18 Endpoints
--------------------------------------------------------------------------------------


Max Delay Paths
--------------------------------------------------------------------------------------
Slack:                    inf
  Source:                 FSM_sequential_state_reg[1]_inv/C
                            (rising edge-triggered cell FDPE clocked by sys_clk_pin  {rise@0.000ns fall@10.000ns period=20.000ns})
  Destination:            buzzer
                            (output port)
  Path Group:             (none)
  Path Type:              Max at Slow Process Corner
  Data Path Delay:        9.804ns  (logic 4.489ns (45.786%)  route 5.315ns (54.214%))
  Logic Levels:           5  (CARRY4=2 LUT3=1 LUT4=1 OBUF=1)
  Clock Uncertainty:      0.025ns  ((TSJ^2 + TIJ^2)^1/2 + DJ) / 2 + PE
    Total System Jitter     (TSJ):    0.050ns
    Total Input Jitter      (TIJ):    0.000ns
    Discrete Jitter          (DJ):    0.000ns
    Phase Error              (PE):    0.000ns

    Location             Delay type                Incr(ns)  Path(ns)    Netlist Resource(s)
  -------------------------------------------------------------------    -------------------
                         (clock sys_clk_pin rise edge)
                                                      0.000     0.000 r  
    W19                                               0.000     0.000 r  clk (IN)
                         net (fo=0)                   0.000     0.000    clk
    W19                  IBUF (Prop_ibuf_I_O)         1.440     1.440 r  clk_IBUF_inst/O
                         net (fo=1, routed)           1.827     3.267    clk_IBUF
    BUFGCTRL_X0Y0        BUFG (Prop_bufg_I_O)         0.081     3.348 r  clk_IBUF_BUFG_inst/O
                         net (fo=183, routed)         1.540     4.888    clk_IBUF_BUFG
    SLICE_X5Y170         FDPE                                         r  FSM_sequential_state_reg[1]_inv/C
  -------------------------------------------------------------------    -------------------
    SLICE_X5Y170         FDPE (Prop_fdpe_C_Q)         0.379     5.267 r  FSM_sequential_state_reg[1]_inv/Q
                         net (fo=74, routed)          1.413     6.681    buzzer10
    SLICE_X2Y165         LUT4 (Prop_lut4_I1_O)        0.105     6.786 r  buzzer_OBUF_inst_i_16/O
                         net (fo=1, routed)           0.000     6.786    buzzer_OBUF_inst_i_16_n_0
    SLICE_X2Y165         CARRY4 (Prop_carry4_S[3]_CO[3])
                                                      0.314     7.100 r  buzzer_OBUF_inst_i_3/CO[3]
                         net (fo=1, routed)           0.000     7.100    buzzer_OBUF_inst_i_3_n_0
    SLICE_X2Y166         CARRY4 (Prop_carry4_CI_CO[3])
                                                      0.100     7.200 r  buzzer_OBUF_inst_i_2/CO[3]
                         net (fo=1, routed)           0.821     8.021    buzzer0
    SLICE_X5Y170         LUT3 (Prop_lut3_I0_O)        0.108     8.129 r  buzzer_OBUF_inst_i_1/O
                         net (fo=1, routed)           3.081    11.210    buzzer_OBUF
    AA18                 OBUF (Prop_obuf_I_O)         3.483    14.693 r  buzzer_OBUF_inst/O
                         net (fo=0)                   0.000    14.693    buzzer
    AA18                                                              r  buzzer (OUT)
  -------------------------------------------------------------------    -------------------

Slack:                    inf
  Source:                 scan_idx_reg[2]/C
                            (rising edge-triggered cell FDCE clocked by sys_clk_pin  {rise@0.000ns fall@10.000ns period=20.000ns})
  Destination:            seg[2]
                            (output port)
  Path Group:             (none)
  Path Type:              Max at Slow Process Corner
  Data Path Delay:        9.679ns  (logic 4.335ns (44.786%)  route 5.344ns (55.214%))
  Logic Levels:           4  (LUT3=1 LUT6=2 OBUF=1)
  Clock Uncertainty:      0.025ns  ((TSJ^2 + TIJ^2)^1/2 + DJ) / 2 + PE
    Total System Jitter     (TSJ):    0.050ns
    Total Input Jitter      (TIJ):    0.000ns
    Discrete Jitter          (DJ):    0.000ns
    Phase Error              (PE):    0.000ns

    Location             Delay type                Incr(ns)  Path(ns)    Netlist Resource(s)
  -------------------------------------------------------------------    -------------------
                         (clock sys_clk_pin rise edge)
                                                      0.000     0.000 r  
    W19                                               0.000     0.000 r  clk (IN)
                         net (fo=0)                   0.000     0.000    clk
    W19                  IBUF (Prop_ibuf_I_O)         1.440     1.440 r  clk_IBUF_inst/O
                         net (fo=1, routed)           1.827     3.267    clk_IBUF
    BUFGCTRL_X0Y0        BUFG (Prop_bufg_I_O)         0.081     3.348 r  clk_IBUF_BUFG_inst/O
                         net (fo=183, routed)         1.469     4.817    clk_IBUF_BUFG
    SLICE_X8Y173         FDCE                                         r  scan_idx_reg[2]/C
  -------------------------------------------------------------------    -------------------
    SLICE_X8Y173         FDCE (Prop_fdce_C_Q)         0.398     5.215 r  scan_idx_reg[2]/Q
                         net (fo=20, routed)          1.074     6.289    scan_idx[2]
    SLICE_X2Y173         LUT3 (Prop_lut3_I0_O)        0.242     6.531 r  seg_OBUF[6]_inst_i_6/O
                         net (fo=2, routed)           0.510     7.041    seg_OBUF[6]_inst_i_6_n_0
    SLICE_X3Y174         LUT6 (Prop_lut6_I0_O)        0.264     7.305 r  seg_OBUF[6]_inst_i_2/O
                         net (fo=7, routed)           0.812     8.118    seg_OBUF[6]_inst_i_2_n_0
    SLICE_X0Y173         LUT6 (Prop_lut6_I2_O)        0.105     8.223 r  seg_OBUF[2]_inst_i_1/O
                         net (fo=1, routed)           2.948    11.171    seg_OBUF[2]
    AB20                 OBUF (Prop_obuf_I_O)         3.326    14.496 r  seg_OBUF[2]_inst/O
                         net (fo=0)                   0.000    14.496    seg[2]
    AB20                                                              r  seg[2] (OUT)
  -------------------------------------------------------------------    -------------------

Slack:                    inf
  Source:                 mole_hp_reg[0][1]/C
                            (rising edge-triggered cell FDCE clocked by sys_clk_pin  {rise@0.000ns fall@10.000ns period=20.000ns})
  Destination:            seg[1]
                            (output port)
  Path Group:             (none)
  Path Type:              Max at Slow Process Corner
  Data Path Delay:        9.434ns  (logic 4.352ns (46.136%)  route 5.081ns (53.864%))
  Logic Levels:           5  (LUT5=1 LUT6=2 MUXF7=1 OBUF=1)
  Clock Uncertainty:      0.025ns  ((TSJ^2 + TIJ^2)^1/2 + DJ) / 2 + PE
    Total System Jitter     (TSJ):    0.050ns
    Total Input Jitter      (TIJ):    0.000ns
    Discrete Jitter          (DJ):    0.000ns
    Phase Error              (PE):    0.000ns

    Location             Delay type                Incr(ns)  Path(ns)    Netlist Resource(s)
  -------------------------------------------------------------------    -------------------
                         (clock sys_clk_pin rise edge)
                                                      0.000     0.000 r  
    W19                                               0.000     0.000 r  clk (IN)
                         net (fo=0)                   0.000     0.000    clk
    W19                  IBUF (Prop_ibuf_I_O)         1.440     1.440 r  clk_IBUF_inst/O
                         net (fo=1, routed)           1.827     3.267    clk_IBUF
    BUFGCTRL_X0Y0        BUFG (Prop_bufg_I_O)         0.081     3.348 r  clk_IBUF_BUFG_inst/O
                         net (fo=183, routed)         1.471     4.819    clk_IBUF_BUFG
    SLICE_X9Y172         FDCE                                         r  mole_hp_reg[0][1]/C
  -------------------------------------------------------------------    -------------------
    SLICE_X9Y172         FDCE (Prop_fdce_C_Q)         0.379     5.198 r  mole_hp_reg[0][1]/Q
                         net (fo=6, routed)           0.806     6.005    p_0_in[7]
    SLICE_X11Y172        LUT5 (Prop_lut5_I4_O)        0.105     6.110 f  seg_OBUF[6]_inst_i_15/O
                         net (fo=1, routed)           0.000     6.110    seg_OBUF[6]_inst_i_15_n_0
    SLICE_X11Y172        MUXF7 (Prop_muxf7_I0_O)      0.178     6.288 f  seg_OBUF[6]_inst_i_9/O
                         net (fo=1, routed)           1.011     7.299    seg_OBUF[6]_inst_i_9_n_0
    SLICE_X2Y174         LUT6 (Prop_lut6_I5_O)        0.252     7.551 r  seg_OBUF[6]_inst_i_3/O
                         net (fo=7, routed)           0.865     8.416    seg_OBUF[6]_inst_i_3_n_0
    SLICE_X0Y173         LUT6 (Prop_lut6_I5_O)        0.105     8.521 r  seg_OBUF[1]_inst_i_1/O
                         net (fo=1, routed)           2.399    10.920    seg_OBUF[1]
    W22                  OBUF (Prop_obuf_I_O)         3.333    14.253 r  seg_OBUF[1]_inst/O
                         net (fo=0)                   0.000    14.253    seg[1]
    W22                                                               r  seg[1] (OUT)
  -------------------------------------------------------------------    -------------------

Slack:                    inf
  Source:                 mole_hp_reg[0][1]/C
                            (rising edge-triggered cell FDCE clocked by sys_clk_pin  {rise@0.000ns fall@10.000ns period=20.000ns})
  Destination:            seg[4]
                            (output port)
  Path Group:             (none)
  Path Type:              Max at Slow Process Corner
  Data Path Delay:        9.368ns  (logic 4.340ns (46.327%)  route 5.028ns (53.673%))
  Logic Levels:           5  (LUT5=1 LUT6=2 MUXF7=1 OBUF=1)
  Clock Uncertainty:      0.025ns  ((TSJ^2 + TIJ^2)^1/2 + DJ) / 2 + PE
    Total System Jitter     (TSJ):    0.050ns
    Total Input Jitter      (TIJ):    0.000ns
    Discrete Jitter          (DJ):    0.000ns
    Phase Error              (PE):    0.000ns

    Location             Delay type                Incr(ns)  Path(ns)    Netlist Resource(s)
  -------------------------------------------------------------------    -------------------
                         (clock sys_clk_pin rise edge)
                                                      0.000     0.000 r  
    W19                                               0.000     0.000 r  clk (IN)
                         net (fo=0)                   0.000     0.000    clk
    W19                  IBUF (Prop_ibuf_I_O)         1.440     1.440 r  clk_IBUF_inst/O
                         net (fo=1, routed)           1.827     3.267    clk_IBUF
    BUFGCTRL_X0Y0        BUFG (Prop_bufg_I_O)         0.081     3.348 r  clk_IBUF_BUFG_inst/O
                         net (fo=183, routed)         1.471     4.819    clk_IBUF_BUFG
    SLICE_X9Y172         FDCE                                         r  mole_hp_reg[0][1]/C
  -------------------------------------------------------------------    -------------------
    SLICE_X9Y172         FDCE (Prop_fdce_C_Q)         0.379     5.198 r  mole_hp_reg[0][1]/Q
                         net (fo=6, routed)           0.806     6.005    p_0_in[7]
    SLICE_X11Y172        LUT5 (Prop_lut5_I4_O)        0.105     6.110 f  seg_OBUF[6]_inst_i_15/O
                         net (fo=1, routed)           0.000     6.110    seg_OBUF[6]_inst_i_15_n_0
    SLICE_X11Y172        MUXF7 (Prop_muxf7_I0_O)      0.178     6.288 f  seg_OBUF[6]_inst_i_9/O
                         net (fo=1, routed)           1.011     7.299    seg_OBUF[6]_inst_i_9_n_0
    SLICE_X2Y174         LUT6 (Prop_lut6_I5_O)        0.252     7.551 r  seg_OBUF[6]_inst_i_3/O
                         net (fo=7, routed)           0.681     8.232    seg_OBUF[6]_inst_i_3_n_0
    SLICE_X0Y173         LUT6 (Prop_lut6_I3_O)        0.105     8.337 r  seg_OBUF[4]_inst_i_1/O
                         net (fo=1, routed)           2.530    10.867    seg_OBUF[4]
    W21                  OBUF (Prop_obuf_I_O)         3.321    14.188 r  seg_OBUF[4]_inst/O
                         net (fo=0)                   0.000    14.188    seg[4]
    W21                                                               r  seg[4] (OUT)
  -------------------------------------------------------------------    -------------------

Slack:                    inf
  Source:                 mole_hp_reg[0][1]/C
                            (rising edge-triggered cell FDCE clocked by sys_clk_pin  {rise@0.000ns fall@10.000ns period=20.000ns})
  Destination:            seg[0]
                            (output port)
  Path Group:             (none)
  Path Type:              Max at Slow Process Corner
  Data Path Delay:        9.348ns  (logic 4.348ns (46.507%)  route 5.001ns (53.493%))
  Logic Levels:           5  (LUT5=1 LUT6=2 MUXF7=1 OBUF=1)
  Clock Uncertainty:      0.025ns  ((TSJ^2 + TIJ^2)^1/2 + DJ) / 2 + PE
    Total System Jitter     (TSJ):    0.050ns
    Total Input Jitter      (TIJ):    0.000ns
    Discrete Jitter          (DJ):    0.000ns
    Phase Error              (PE):    0.000ns

    Location             Delay type                Incr(ns)  Path(ns)    Netlist Resource(s)
  -------------------------------------------------------------------    -------------------
                         (clock sys_clk_pin rise edge)
                                                      0.000     0.000 r  
    W19                                               0.000     0.000 r  clk (IN)
                         net (fo=0)                   0.000     0.000    clk
    W19                  IBUF (Prop_ibuf_I_O)         1.440     1.440 r  clk_IBUF_inst/O
                         net (fo=1, routed)           1.827     3.267    clk_IBUF
    BUFGCTRL_X0Y0        BUFG (Prop_bufg_I_O)         0.081     3.348 r  clk_IBUF_BUFG_inst/O
                         net (fo=183, routed)         1.471     4.819    clk_IBUF_BUFG
    SLICE_X9Y172         FDCE                                         r  mole_hp_reg[0][1]/C
  -------------------------------------------------------------------    -------------------
    SLICE_X9Y172         FDCE (Prop_fdce_C_Q)         0.379     5.198 r  mole_hp_reg[0][1]/Q
                         net (fo=6, routed)           0.806     6.005    p_0_in[7]
    SLICE_X11Y172        LUT5 (Prop_lut5_I4_O)        0.105     6.110 f  seg_OBUF[6]_inst_i_15/O
                         net (fo=1, routed)           0.000     6.110    seg_OBUF[6]_inst_i_15_n_0
    SLICE_X11Y172        MUXF7 (Prop_muxf7_I0_O)      0.178     6.288 f  seg_OBUF[6]_inst_i_9/O
                         net (fo=1, routed)           1.011     7.299    seg_OBUF[6]_inst_i_9_n_0
    SLICE_X2Y174         LUT6 (Prop_lut6_I5_O)        0.252     7.551 r  seg_OBUF[6]_inst_i_3/O
                         net (fo=7, routed)           0.859     8.410    seg_OBUF[6]_inst_i_3_n_0
    SLICE_X0Y173         LUT6 (Prop_lut6_I4_O)        0.105     8.515 r  seg_OBUF[0]_inst_i_1/O
                         net (fo=1, routed)           2.324    10.839    seg_OBUF[0]
    AA20                 OBUF (Prop_obuf_I_O)         3.329    14.168 r  seg_OBUF[0]_inst/O
                         net (fo=0)                   0.000    14.168    seg[0]
    AA20                                                              r  seg[0] (OUT)
  -------------------------------------------------------------------    -------------------

Slack:                    inf
  Source:                 mole_hp_reg[0][1]/C
                            (rising edge-triggered cell FDCE clocked by sys_clk_pin  {rise@0.000ns fall@10.000ns period=20.000ns})
  Destination:            seg[5]
                            (output port)
  Path Group:             (none)
  Path Type:              Max at Slow Process Corner
  Data Path Delay:        9.045ns  (logic 4.301ns (47.555%)  route 4.743ns (52.445%))
  Logic Levels:           5  (LUT5=1 LUT6=2 MUXF7=1 OBUF=1)
  Clock Uncertainty:      0.025ns  ((TSJ^2 + TIJ^2)^1/2 + DJ) / 2 + PE
    Total System Jitter     (TSJ):    0.050ns
    Total Input Jitter      (TIJ):    0.000ns
    Discrete Jitter          (DJ):    0.000ns
    Phase Error              (PE):    0.000ns

    Location             Delay type                Incr(ns)  Path(ns)    Netlist Resource(s)
  -------------------------------------------------------------------    -------------------
                         (clock sys_clk_pin rise edge)
                                                      0.000     0.000 r  
    W19                                               0.000     0.000 r  clk (IN)
                         net (fo=0)                   0.000     0.000    clk
    W19                  IBUF (Prop_ibuf_I_O)         1.440     1.440 r  clk_IBUF_inst/O
                         net (fo=1, routed)           1.827     3.267    clk_IBUF
    BUFGCTRL_X0Y0        BUFG (Prop_bufg_I_O)         0.081     3.348 r  clk_IBUF_BUFG_inst/O
                         net (fo=183, routed)         1.471     4.819    clk_IBUF_BUFG
    SLICE_X9Y172         FDCE                                         r  mole_hp_reg[0][1]/C
  -------------------------------------------------------------------    -------------------
    SLICE_X9Y172         FDCE (Prop_fdce_C_Q)         0.379     5.198 r  mole_hp_reg[0][1]/Q
                         net (fo=6, routed)           0.806     6.005    p_0_in[7]
    SLICE_X11Y172        LUT5 (Prop_lut5_I4_O)        0.105     6.110 f  seg_OBUF[6]_inst_i_15/O
                         net (fo=1, routed)           0.000     6.110    seg_OBUF[6]_inst_i_15_n_0
    SLICE_X11Y172        MUXF7 (Prop_muxf7_I0_O)      0.178     6.288 f  seg_OBUF[6]_inst_i_9/O
                         net (fo=1, routed)           1.011     7.299    seg_OBUF[6]_inst_i_9_n_0
    SLICE_X2Y174         LUT6 (Prop_lut6_I5_O)        0.252     7.551 r  seg_OBUF[6]_inst_i_3/O
                         net (fo=7, routed)           0.662     8.213    seg_OBUF[6]_inst_i_3_n_0
    SLICE_X1Y173         LUT6 (Prop_lut6_I3_O)        0.105     8.318 r  seg_OBUF[5]_inst_i_1/O
                         net (fo=1, routed)           2.264    10.582    seg_OBUF[5]
    P19                  OBUF (Prop_obuf_I_O)         3.282    13.864 r  seg_OBUF[5]_inst/O
                         net (fo=0)                   0.000    13.864    seg[5]
    P19                                                               r  seg[5] (OUT)
  -------------------------------------------------------------------    -------------------

Slack:                    inf
  Source:                 scan_idx_reg[2]/C
                            (rising edge-triggered cell FDCE clocked by sys_clk_pin  {rise@0.000ns fall@10.000ns period=20.000ns})
  Destination:            seg[6]
                            (output port)
  Path Group:             (none)
  Path Type:              Max at Slow Process Corner
  Data Path Delay:        9.024ns  (logic 4.323ns (47.909%)  route 4.701ns (52.091%))
  Logic Levels:           4  (LUT3=1 LUT6=2 OBUF=1)
  Clock Uncertainty:      0.025ns  ((TSJ^2 + TIJ^2)^1/2 + DJ) / 2 + PE
    Total System Jitter     (TSJ):    0.050ns
    Total Input Jitter      (TIJ):    0.000ns
    Discrete Jitter          (DJ):    0.000ns
    Phase Error              (PE):    0.000ns

    Location             Delay type                Incr(ns)  Path(ns)    Netlist Resource(s)
  -------------------------------------------------------------------    -------------------
                         (clock sys_clk_pin rise edge)
                                                      0.000     0.000 r  
    W19                                               0.000     0.000 r  clk (IN)
                         net (fo=0)                   0.000     0.000    clk
    W19                  IBUF (Prop_ibuf_I_O)         1.440     1.440 r  clk_IBUF_inst/O
                         net (fo=1, routed)           1.827     3.267    clk_IBUF
    BUFGCTRL_X0Y0        BUFG (Prop_bufg_I_O)         0.081     3.348 r  clk_IBUF_BUFG_inst/O
                         net (fo=183, routed)         1.469     4.817    clk_IBUF_BUFG
    SLICE_X8Y173         FDCE                                         r  scan_idx_reg[2]/C
  -------------------------------------------------------------------    -------------------
    SLICE_X8Y173         FDCE (Prop_fdce_C_Q)         0.398     5.215 r  scan_idx_reg[2]/Q
                         net (fo=20, routed)          1.074     6.289    scan_idx[2]
    SLICE_X2Y173         LUT3 (Prop_lut3_I0_O)        0.242     6.531 r  seg_OBUF[6]_inst_i_6/O
                         net (fo=2, routed)           0.691     7.222    seg_OBUF[6]_inst_i_6_n_0
    SLICE_X4Y173         LUT6 (Prop_lut6_I4_O)        0.264     7.486 r  seg_OBUF[6]_inst_i_5/O
                         net (fo=7, routed)           0.714     8.200    seg_OBUF[6]_inst_i_5_n_0
    SLICE_X1Y173         LUT6 (Prop_lut6_I5_O)        0.105     8.305 r  seg_OBUF[6]_inst_i_1/O
                         net (fo=1, routed)           2.222    10.527    seg_OBUF[6]
    U22                  OBUF (Prop_obuf_I_O)         3.314    13.841 r  seg_OBUF[6]_inst/O
                         net (fo=0)                   0.000    13.841    seg[6]
    U22                                                               r  seg[6] (OUT)
  -------------------------------------------------------------------    -------------------

Slack:                    inf
  Source:                 mole_hp_reg[0][1]/C
                            (rising edge-triggered cell FDCE clocked by sys_clk_pin  {rise@0.000ns fall@10.000ns period=20.000ns})
  Destination:            seg[3]
                            (output port)
  Path Group:             (none)
  Path Type:              Max at Slow Process Corner
  Data Path Delay:        8.927ns  (logic 4.336ns (48.571%)  route 4.591ns (51.429%))
  Logic Levels:           5  (LUT5=1 LUT6=2 MUXF7=1 OBUF=1)
  Clock Uncertainty:      0.025ns  ((TSJ^2 + TIJ^2)^1/2 + DJ) / 2 + PE
    Total System Jitter     (TSJ):    0.050ns
    Total Input Jitter      (TIJ):    0.000ns
    Discrete Jitter          (DJ):    0.000ns
    Phase Error              (PE):    0.000ns

    Location             Delay type                Incr(ns)  Path(ns)    Netlist Resource(s)
  -------------------------------------------------------------------    -------------------
                         (clock sys_clk_pin rise edge)
                                                      0.000     0.000 r  
    W19                                               0.000     0.000 r  clk (IN)
                         net (fo=0)                   0.000     0.000    clk
    W19                  IBUF (Prop_ibuf_I_O)         1.440     1.440 r  clk_IBUF_inst/O
                         net (fo=1, routed)           1.827     3.267    clk_IBUF
    BUFGCTRL_X0Y0        BUFG (Prop_bufg_I_O)         0.081     3.348 r  clk_IBUF_BUFG_inst/O
                         net (fo=183, routed)         1.471     4.819    clk_IBUF_BUFG
    SLICE_X9Y172         FDCE                                         r  mole_hp_reg[0][1]/C
  -------------------------------------------------------------------    -------------------
    SLICE_X9Y172         FDCE (Prop_fdce_C_Q)         0.379     5.198 r  mole_hp_reg[0][1]/Q
                         net (fo=6, routed)           0.806     6.005    p_0_in[7]
    SLICE_X11Y172        LUT5 (Prop_lut5_I4_O)        0.105     6.110 f  seg_OBUF[6]_inst_i_15/O
                         net (fo=1, routed)           0.000     6.110    seg_OBUF[6]_inst_i_15_n_0
    SLICE_X11Y172        MUXF7 (Prop_muxf7_I0_O)      0.178     6.288 f  seg_OBUF[6]_inst_i_9/O
                         net (fo=1, routed)           1.011     7.299    seg_OBUF[6]_inst_i_9_n_0
    SLICE_X2Y174         LUT6 (Prop_lut6_I5_O)        0.252     7.551 r  seg_OBUF[6]_inst_i_3/O
                         net (fo=7, routed)           0.662     8.213    seg_OBUF[6]_inst_i_3_n_0
    SLICE_X1Y173         LUT6 (Prop_lut6_I3_O)        0.105     8.318 r  seg_OBUF[3]_inst_i_1/O
                         net (fo=1, routed)           2.112    10.430    seg_OBUF[3]
    V22                  OBUF (Prop_obuf_I_O)         3.317    13.747 r  seg_OBUF[3]_inst/O
                         net (fo=0)                   0.000    13.747    seg[3]
    V22                                                               r  seg[3] (OUT)
  -------------------------------------------------------------------    -------------------

Slack:                    inf
  Source:                 scan_idx_reg[0]/C
                            (rising edge-triggered cell FDCE clocked by sys_clk_pin  {rise@0.000ns fall@10.000ns period=20.000ns})
  Destination:            dig[2]
                            (output port)
  Path Group:             (none)
  Path Type:              Max at Slow Process Corner
  Data Path Delay:        7.137ns  (logic 3.890ns (54.508%)  route 3.247ns (45.492%))
  Logic Levels:           2  (LUT3=1 OBUF=1)
  Clock Uncertainty:      0.025ns  ((TSJ^2 + TIJ^2)^1/2 + DJ) / 2 + PE
    Total System Jitter     (TSJ):    0.050ns
    Total Input Jitter      (TIJ):    0.000ns
    Discrete Jitter          (DJ):    0.000ns
    Phase Error              (PE):    0.000ns

    Location             Delay type                Incr(ns)  Path(ns)    Netlist Resource(s)
  -------------------------------------------------------------------    -------------------
                         (clock sys_clk_pin rise edge)
                                                      0.000     0.000 r  
    W19                                               0.000     0.000 r  clk (IN)
                         net (fo=0)                   0.000     0.000    clk
    W19                  IBUF (Prop_ibuf_I_O)         1.440     1.440 r  clk_IBUF_inst/O
                         net (fo=1, routed)           1.827     3.267    clk_IBUF
    BUFGCTRL_X0Y0        BUFG (Prop_bufg_I_O)         0.081     3.348 r  clk_IBUF_BUFG_inst/O
                         net (fo=183, routed)         1.469     4.817    clk_IBUF_BUFG
    SLICE_X8Y173         FDCE                                         r  scan_idx_reg[0]/C
  -------------------------------------------------------------------    -------------------
    SLICE_X8Y173         FDCE (Prop_fdce_C_Q)         0.398     5.215 f  scan_idx_reg[0]/Q
                         net (fo=16, routed)          1.222     6.438    scan_idx[0]
    SLICE_X2Y174         LUT3 (Prop_lut3_I2_O)        0.232     6.670 r  dig_OBUF[2]_inst_i_1/O
                         net (fo=1, routed)           2.025     8.694    dig_OBUF[2]
    L16                  OBUF (Prop_obuf_I_O)         3.260    11.954 r  dig_OBUF[2]_inst/O
                         net (fo=0)                   0.000    11.954    dig[2]
    L16                                                               r  dig[2] (OUT)
  -------------------------------------------------------------------    -------------------

Slack:                    inf
  Source:                 scan_idx_reg[0]/C
                            (rising edge-triggered cell FDCE clocked by sys_clk_pin  {rise@0.000ns fall@10.000ns period=20.000ns})
  Destination:            dig[3]
                            (output port)
  Path Group:             (none)
  Path Type:              Max at Slow Process Corner
  Data Path Delay:        6.926ns  (logic 4.075ns (58.834%)  route 2.851ns (41.166%))
  Logic Levels:           2  (LUT3=1 OBUF=1)
  Clock Uncertainty:      0.025ns  ((TSJ^2 + TIJ^2)^1/2 + DJ) / 2 + PE
    Total System Jitter     (TSJ):    0.050ns
    Total Input Jitter      (TIJ):    0.000ns
    Discrete Jitter          (DJ):    0.000ns
    Phase Error              (PE):    0.000ns

    Location             Delay type                Incr(ns)  Path(ns)    Netlist Resource(s)
  -------------------------------------------------------------------    -------------------
                         (clock sys_clk_pin rise edge)
                                                      0.000     0.000 r  
    W19                                               0.000     0.000 r  clk (IN)
                         net (fo=0)                   0.000     0.000    clk
    W19                  IBUF (Prop_ibuf_I_O)         1.440     1.440 r  clk_IBUF_inst/O
                         net (fo=1, routed)           1.827     3.267    clk_IBUF
    BUFGCTRL_X0Y0        BUFG (Prop_bufg_I_O)         0.081     3.348 r  clk_IBUF_BUFG_inst/O
                         net (fo=183, routed)         1.469     4.817    clk_IBUF_BUFG
    SLICE_X8Y173         FDCE                                         r  scan_idx_reg[0]/C
  -------------------------------------------------------------------    -------------------
    SLICE_X8Y173         FDCE (Prop_fdce_C_Q)         0.398     5.215 r  scan_idx_reg[0]/Q
                         net (fo=16, routed)          1.231     6.447    scan_idx[0]
    SLICE_X2Y174         LUT3 (Prop_lut3_I1_O)        0.245     6.692 r  dig_OBUF[3]_inst_i_1/O
                         net (fo=1, routed)           1.620     8.311    dig_OBUF[3]
    G20                  OBUF (Prop_obuf_I_O)         3.432    11.743 r  dig_OBUF[3]_inst/O
                         net (fo=0)                   0.000    11.743    dig[3]
    G20                                                               r  dig[3] (OUT)
  -------------------------------------------------------------------    -------------------





Min Delay Paths
--------------------------------------------------------------------------------------
Slack:                    inf
  Source:                 chance_m_reg[2]/C
                            (rising edge-triggered cell FDPE clocked by sys_clk_pin  {rise@0.000ns fall@10.000ns period=20.000ns})
  Destination:            led[3]
                            (output port)
  Path Group:             (none)
  Path Type:              Min at Fast Process Corner
  Data Path Delay:        1.782ns  (logic 1.385ns (77.691%)  route 0.398ns (22.309%))
  Logic Levels:           1  (OBUF=1)
  Clock Uncertainty:      0.025ns  ((TSJ^2 + TIJ^2)^1/2 + DJ) / 2 + PE
    Total System Jitter     (TSJ):    0.050ns
    Total Input Jitter      (TIJ):    0.000ns
    Discrete Jitter          (DJ):    0.000ns
    Phase Error              (PE):    0.000ns

    Location             Delay type                Incr(ns)  Path(ns)    Netlist Resource(s)
  -------------------------------------------------------------------    -------------------
                         (clock sys_clk_pin rise edge)
                                                      0.000     0.000 r  
    W19                                               0.000     0.000 r  clk (IN)
                         net (fo=0)                   0.000     0.000    clk
    W19                  IBUF (Prop_ibuf_I_O)         0.277     0.277 r  clk_IBUF_inst/O
                         net (fo=1, routed)           0.690     0.967    clk_IBUF
    BUFGCTRL_X0Y0        BUFG (Prop_bufg_I_O)         0.026     0.993 r  clk_IBUF_BUFG_inst/O
                         net (fo=183, routed)         0.644     1.637    clk_IBUF_BUFG
    SLICE_X3Y170         FDPE                                         r  chance_m_reg[2]/C
  -------------------------------------------------------------------    -------------------
    SLICE_X3Y170         FDPE (Prop_fdpe_C_Q)         0.141     1.778 r  chance_m_reg[2]/Q
                         net (fo=8, routed)           0.398     2.175    led_OBUF[3]
    M22                  OBUF (Prop_obuf_I_O)         1.244     3.419 r  led_OBUF[3]_inst/O
                         net (fo=0)                   0.000     3.419    led[3]
    M22                                                               r  led[3] (OUT)
  -------------------------------------------------------------------    -------------------

Slack:                    inf
  Source:                 chance_m_reg[1]/C
                            (rising edge-triggered cell FDCE clocked by sys_clk_pin  {rise@0.000ns fall@10.000ns period=20.000ns})
  Destination:            led[2]
                            (output port)
  Path Group:             (none)
  Path Type:              Min at Fast Process Corner
  Data Path Delay:        1.850ns  (logic 1.433ns (77.434%)  route 0.418ns (22.566%))
  Logic Levels:           2  (LUT3=1 OBUF=1)
  Clock Uncertainty:      0.025ns  ((TSJ^2 + TIJ^2)^1/2 + DJ) / 2 + PE
    Total System Jitter     (TSJ):    0.050ns
    Total Input Jitter      (TIJ):    0.000ns
    Discrete Jitter          (DJ):    0.000ns
    Phase Error              (PE):    0.000ns

    Location             Delay type                Incr(ns)  Path(ns)    Netlist Resource(s)
  -------------------------------------------------------------------    -------------------
                         (clock sys_clk_pin rise edge)
                                                      0.000     0.000 r  
    W19                                               0.000     0.000 r  clk (IN)
                         net (fo=0)                   0.000     0.000    clk
    W19                  IBUF (Prop_ibuf_I_O)         0.277     0.277 r  clk_IBUF_inst/O
                         net (fo=1, routed)           0.690     0.967    clk_IBUF
    BUFGCTRL_X0Y0        BUFG (Prop_bufg_I_O)         0.026     0.993 r  clk_IBUF_BUFG_inst/O
                         net (fo=183, routed)         0.644     1.637    clk_IBUF_BUFG
    SLICE_X3Y170         FDCE                                         r  chance_m_reg[1]/C
  -------------------------------------------------------------------    -------------------
    SLICE_X3Y170         FDCE (Prop_fdce_C_Q)         0.141     1.778 r  chance_m_reg[1]/Q
                         net (fo=7, routed)           0.098     1.876    chance_m_reg_n_0_[1]
    SLICE_X2Y170         LUT3 (Prop_lut3_I2_O)        0.045     1.921 r  led_OBUF[2]_inst_i_1/O
                         net (fo=1, routed)           0.319     2.240    led_OBUF[2]
    N22                  OBUF (Prop_obuf_I_O)         1.247     3.487 r  led_OBUF[2]_inst/O
                         net (fo=0)                   0.000     3.487    led[2]
    N22                                                               r  led[2] (OUT)
  -------------------------------------------------------------------    -------------------

Slack:                    inf
  Source:                 chance_m_reg[1]/C
                            (rising edge-triggered cell FDCE clocked by sys_clk_pin  {rise@0.000ns fall@10.000ns period=20.000ns})
  Destination:            led[0]
                            (output port)
  Path Group:             (none)
  Path Type:              Min at Fast Process Corner
  Data Path Delay:        2.018ns  (logic 1.425ns (70.618%)  route 0.593ns (29.382%))
  Logic Levels:           2  (LUT3=1 OBUF=1)
  Clock Uncertainty:      0.025ns  ((TSJ^2 + TIJ^2)^1/2 + DJ) / 2 + PE
    Total System Jitter     (TSJ):    0.050ns
    Total Input Jitter      (TIJ):    0.000ns
    Discrete Jitter          (DJ):    0.000ns
    Phase Error              (PE):    0.000ns

    Location             Delay type                Incr(ns)  Path(ns)    Netlist Resource(s)
  -------------------------------------------------------------------    -------------------
                         (clock sys_clk_pin rise edge)
                                                      0.000     0.000 r  
    W19                                               0.000     0.000 r  clk (IN)
                         net (fo=0)                   0.000     0.000    clk
    W19                  IBUF (Prop_ibuf_I_O)         0.277     0.277 r  clk_IBUF_inst/O
                         net (fo=1, routed)           0.690     0.967    clk_IBUF
    BUFGCTRL_X0Y0        BUFG (Prop_bufg_I_O)         0.026     0.993 r  clk_IBUF_BUFG_inst/O
                         net (fo=183, routed)         0.644     1.637    clk_IBUF_BUFG
    SLICE_X3Y170         FDCE                                         r  chance_m_reg[1]/C
  -------------------------------------------------------------------    -------------------
    SLICE_X3Y170         FDCE (Prop_fdce_C_Q)         0.141     1.778 r  chance_m_reg[1]/Q
                         net (fo=7, routed)           0.169     1.947    chance_m_reg_n_0_[1]
    SLICE_X3Y170         LUT3 (Prop_lut3_I0_O)        0.045     1.992 r  led_OBUF[0]_inst_i_1/O
                         net (fo=1, routed)           0.424     2.416    led_OBUF[0]
    N20                  OBUF (Prop_obuf_I_O)         1.239     3.655 r  led_OBUF[0]_inst/O
                         net (fo=0)                   0.000     3.655    led[0]
    N20                                                               r  led[0] (OUT)
  -------------------------------------------------------------------    -------------------

Slack:                    inf
  Source:                 chance_m_reg[1]/C
                            (rising edge-triggered cell FDCE clocked by sys_clk_pin  {rise@0.000ns fall@10.000ns period=20.000ns})
  Destination:            led[1]
                            (output port)
  Path Group:             (none)
  Path Type:              Min at Fast Process Corner
  Data Path Delay:        2.034ns  (logic 1.481ns (72.838%)  route 0.552ns (27.162%))
  Logic Levels:           2  (LUT2=1 OBUF=1)
  Clock Uncertainty:      0.025ns  ((TSJ^2 + TIJ^2)^1/2 + DJ) / 2 + PE
    Total System Jitter     (TSJ):    0.050ns
    Total Input Jitter      (TIJ):    0.000ns
    Discrete Jitter          (DJ):    0.000ns
    Phase Error              (PE):    0.000ns

    Location             Delay type                Incr(ns)  Path(ns)    Netlist Resource(s)
  -------------------------------------------------------------------    -------------------
                         (clock sys_clk_pin rise edge)
                                                      0.000     0.000 r  
    W19                                               0.000     0.000 r  clk (IN)
                         net (fo=0)                   0.000     0.000    clk
    W19                  IBUF (Prop_ibuf_I_O)         0.277     0.277 r  clk_IBUF_inst/O
                         net (fo=1, routed)           0.690     0.967    clk_IBUF
    BUFGCTRL_X0Y0        BUFG (Prop_bufg_I_O)         0.026     0.993 r  clk_IBUF_BUFG_inst/O
                         net (fo=183, routed)         0.644     1.637    clk_IBUF_BUFG
    SLICE_X3Y170         FDCE                                         r  chance_m_reg[1]/C
  -------------------------------------------------------------------    -------------------
    SLICE_X3Y170         FDCE (Prop_fdce_C_Q)         0.141     1.778 r  chance_m_reg[1]/Q
                         net (fo=7, routed)           0.098     1.876    chance_m_reg_n_0_[1]
    SLICE_X2Y170         LUT2 (Prop_lut2_I0_O)        0.048     1.924 r  led_OBUF[1]_inst_i_1/O
                         net (fo=1, routed)           0.454     2.378    led_OBUF[1]
    M20                  OBUF (Prop_obuf_I_O)         1.292     3.670 r  led_OBUF[1]_inst/O
                         net (fo=0)                   0.000     3.670    led[1]
    M20                                                               r  led[1] (OUT)
  -------------------------------------------------------------------    -------------------

Slack:                    inf
  Source:                 scan_idx_reg[1]/C
                            (rising edge-triggered cell FDCE clocked by sys_clk_pin  {rise@0.000ns fall@10.000ns period=20.000ns})
  Destination:            dig[0]
                            (output port)
  Path Group:             (none)
  Path Type:              Min at Fast Process Corner
  Data Path Delay:        2.224ns  (logic 1.441ns (64.786%)  route 0.783ns (35.214%))
  Logic Levels:           2  (LUT3=1 OBUF=1)
  Clock Uncertainty:      0.025ns  ((TSJ^2 + TIJ^2)^1/2 + DJ) / 2 + PE
    Total System Jitter     (TSJ):    0.050ns
    Total Input Jitter      (TIJ):    0.000ns
    Discrete Jitter          (DJ):    0.000ns
    Phase Error              (PE):    0.000ns

    Location             Delay type                Incr(ns)  Path(ns)    Netlist Resource(s)
  -------------------------------------------------------------------    -------------------
                         (clock sys_clk_pin rise edge)
                                                      0.000     0.000 r  
    W19                                               0.000     0.000 r  clk (IN)
                         net (fo=0)                   0.000     0.000    clk
    W19                  IBUF (Prop_ibuf_I_O)         0.277     0.277 r  clk_IBUF_inst/O
                         net (fo=1, routed)           0.690     0.967    clk_IBUF
    BUFGCTRL_X0Y0        BUFG (Prop_bufg_I_O)         0.026     0.993 r  clk_IBUF_BUFG_inst/O
                         net (fo=183, routed)         0.613     1.606    clk_IBUF_BUFG
    SLICE_X8Y173         FDCE                                         r  scan_idx_reg[1]/C
  -------------------------------------------------------------------    -------------------
    SLICE_X8Y173         FDCE (Prop_fdce_C_Q)         0.164     1.770 f  scan_idx_reg[1]/Q
                         net (fo=23, routed)          0.464     2.233    scan_idx[1]
    SLICE_X2Y174         LUT3 (Prop_lut3_I0_O)        0.045     2.278 r  dig_OBUF[0]_inst_i_1/O
                         net (fo=1, routed)           0.319     2.598    dig_OBUF[0]
    K18                  OBUF (Prop_obuf_I_O)         1.232     3.829 r  dig_OBUF[0]_inst/O
                         net (fo=0)                   0.000     3.829    dig[0]
    K18                                                               r  dig[0] (OUT)
  -------------------------------------------------------------------    -------------------

Slack:                    inf
  Source:                 scan_idx_reg[2]/C
                            (rising edge-triggered cell FDCE clocked by sys_clk_pin  {rise@0.000ns fall@10.000ns period=20.000ns})
  Destination:            dig[5]
                            (output port)
  Path Group:             (none)
  Path Type:              Min at Fast Process Corner
  Data Path Delay:        2.342ns  (logic 1.538ns (65.655%)  route 0.804ns (34.345%))
  Logic Levels:           2  (LUT3=1 OBUF=1)
  Clock Uncertainty:      0.025ns  ((TSJ^2 + TIJ^2)^1/2 + DJ) / 2 + PE
    Total System Jitter     (TSJ):    0.050ns
    Total Input Jitter      (TIJ):    0.000ns
    Discrete Jitter          (DJ):    0.000ns
    Phase Error              (PE):    0.000ns

    Location             Delay type                Incr(ns)  Path(ns)    Netlist Resource(s)
  -------------------------------------------------------------------    -------------------
                         (clock sys_clk_pin rise edge)
                                                      0.000     0.000 r  
    W19                                               0.000     0.000 r  clk (IN)
                         net (fo=0)                   0.000     0.000    clk
    W19                  IBUF (Prop_ibuf_I_O)         0.277     0.277 r  clk_IBUF_inst/O
                         net (fo=1, routed)           0.690     0.967    clk_IBUF
    BUFGCTRL_X0Y0        BUFG (Prop_bufg_I_O)         0.026     0.993 r  clk_IBUF_BUFG_inst/O
                         net (fo=183, routed)         0.613     1.606    clk_IBUF_BUFG
    SLICE_X8Y173         FDCE                                         r  scan_idx_reg[2]/C
  -------------------------------------------------------------------    -------------------
    SLICE_X8Y173         FDCE (Prop_fdce_C_Q)         0.148     1.754 r  scan_idx_reg[2]/Q
                         net (fo=20, routed)          0.119     1.873    scan_idx[2]
    SLICE_X8Y173         LUT3 (Prop_lut3_I1_O)        0.101     1.974 r  dig_OBUF[5]_inst_i_1/O
                         net (fo=1, routed)           0.685     2.659    dig_OBUF[5]
    H18                  OBUF (Prop_obuf_I_O)         1.289     3.947 r  dig_OBUF[5]_inst/O
                         net (fo=0)                   0.000     3.947    dig[5]
    H18                                                               r  dig[5] (OUT)
  -------------------------------------------------------------------    -------------------

Slack:                    inf
  Source:                 scan_idx_reg[1]/C
                            (rising edge-triggered cell FDCE clocked by sys_clk_pin  {rise@0.000ns fall@10.000ns period=20.000ns})
  Destination:            dig[3]
                            (output port)
  Path Group:             (none)
  Path Type:              Min at Fast Process Corner
  Data Path Delay:        2.423ns  (logic 1.506ns (62.144%)  route 0.917ns (37.856%))
  Logic Levels:           2  (LUT3=1 OBUF=1)
  Clock Uncertainty:      0.025ns  ((TSJ^2 + TIJ^2)^1/2 + DJ) / 2 + PE
    Total System Jitter     (TSJ):    0.050ns
    Total Input Jitter      (TIJ):    0.000ns
    Discrete Jitter          (DJ):    0.000ns
    Phase Error              (PE):    0.000ns

    Location             Delay type                Incr(ns)  Path(ns)    Netlist Resource(s)
  -------------------------------------------------------------------    -------------------
                         (clock sys_clk_pin rise edge)
                                                      0.000     0.000 r  
    W19                                               0.000     0.000 r  clk (IN)
                         net (fo=0)                   0.000     0.000    clk
    W19                  IBUF (Prop_ibuf_I_O)         0.277     0.277 r  clk_IBUF_inst/O
                         net (fo=1, routed)           0.690     0.967    clk_IBUF
    BUFGCTRL_X0Y0        BUFG (Prop_bufg_I_O)         0.026     0.993 r  clk_IBUF_BUFG_inst/O
                         net (fo=183, routed)         0.613     1.606    clk_IBUF_BUFG
    SLICE_X8Y173         FDCE                                         r  scan_idx_reg[1]/C
  -------------------------------------------------------------------    -------------------
    SLICE_X8Y173         FDCE (Prop_fdce_C_Q)         0.164     1.770 r  scan_idx_reg[1]/Q
                         net (fo=23, routed)          0.464     2.233    scan_idx[1]
    SLICE_X2Y174         LUT3 (Prop_lut3_I0_O)        0.048     2.281 r  dig_OBUF[3]_inst_i_1/O
                         net (fo=1, routed)           0.454     2.735    dig_OBUF[3]
    G20                  OBUF (Prop_obuf_I_O)         1.294     4.029 r  dig_OBUF[3]_inst/O
                         net (fo=0)                   0.000     4.029    dig[3]
    G20                                                               r  dig[3] (OUT)
  -------------------------------------------------------------------    -------------------

Slack:                    inf
  Source:                 scan_idx_reg[1]/C
                            (rising edge-triggered cell FDCE clocked by sys_clk_pin  {rise@0.000ns fall@10.000ns period=20.000ns})
  Destination:            dig[4]
                            (output port)
  Path Group:             (none)
  Path Type:              Min at Fast Process Corner
  Data Path Delay:        2.428ns  (logic 1.506ns (62.002%)  route 0.923ns (37.998%))
  Logic Levels:           2  (LUT3=1 OBUF=1)
  Clock Uncertainty:      0.025ns  ((TSJ^2 + TIJ^2)^1/2 + DJ) / 2 + PE
    Total System Jitter     (TSJ):    0.050ns
    Total Input Jitter      (TIJ):    0.000ns
    Discrete Jitter          (DJ):    0.000ns
    Phase Error              (PE):    0.000ns

    Location             Delay type                Incr(ns)  Path(ns)    Netlist Resource(s)
  -------------------------------------------------------------------    -------------------
                         (clock sys_clk_pin rise edge)
                                                      0.000     0.000 r  
    W19                                               0.000     0.000 r  clk (IN)
                         net (fo=0)                   0.000     0.000    clk
    W19                  IBUF (Prop_ibuf_I_O)         0.277     0.277 r  clk_IBUF_inst/O
                         net (fo=1, routed)           0.690     0.967    clk_IBUF
    BUFGCTRL_X0Y0        BUFG (Prop_bufg_I_O)         0.026     0.993 r  clk_IBUF_BUFG_inst/O
                         net (fo=183, routed)         0.613     1.606    clk_IBUF_BUFG
    SLICE_X8Y173         FDCE                                         r  scan_idx_reg[1]/C
  -------------------------------------------------------------------    -------------------
    SLICE_X8Y173         FDCE (Prop_fdce_C_Q)         0.164     1.770 f  scan_idx_reg[1]/Q
                         net (fo=23, routed)          0.468     2.237    scan_idx[1]
    SLICE_X2Y174         LUT3 (Prop_lut3_I2_O)        0.048     2.285 r  dig_OBUF[4]_inst_i_1/O
                         net (fo=1, routed)           0.455     2.740    dig_OBUF[4]
    H20                  OBUF (Prop_obuf_I_O)         1.294     4.034 r  dig_OBUF[4]_inst/O
                         net (fo=0)                   0.000     4.034    dig[4]
    H20                                                               r  dig[4] (OUT)
  -------------------------------------------------------------------    -------------------

Slack:                    inf
  Source:                 scan_idx_reg[1]/C
                            (rising edge-triggered cell FDCE clocked by sys_clk_pin  {rise@0.000ns fall@10.000ns period=20.000ns})
  Destination:            dig[1]
                            (output port)
  Path Group:             (none)
  Path Type:              Min at Fast Process Corner
  Data Path Delay:        2.482ns  (logic 1.420ns (57.217%)  route 1.062ns (42.783%))
  Logic Levels:           2  (LUT3=1 OBUF=1)
  Clock Uncertainty:      0.025ns  ((TSJ^2 + TIJ^2)^1/2 + DJ) / 2 + PE
    Total System Jitter     (TSJ):    0.050ns
    Total Input Jitter      (TIJ):    0.000ns
    Discrete Jitter          (DJ):    0.000ns
    Phase Error              (PE):    0.000ns

    Location             Delay type                Incr(ns)  Path(ns)    Netlist Resource(s)
  -------------------------------------------------------------------    -------------------
                         (clock sys_clk_pin rise edge)
                                                      0.000     0.000 r  
    W19                                               0.000     0.000 r  clk (IN)
                         net (fo=0)                   0.000     0.000    clk
    W19                  IBUF (Prop_ibuf_I_O)         0.277     0.277 r  clk_IBUF_inst/O
                         net (fo=1, routed)           0.690     0.967    clk_IBUF
    BUFGCTRL_X0Y0        BUFG (Prop_bufg_I_O)         0.026     0.993 r  clk_IBUF_BUFG_inst/O
                         net (fo=183, routed)         0.613     1.606    clk_IBUF_BUFG
    SLICE_X8Y173         FDCE                                         r  scan_idx_reg[1]/C
  -------------------------------------------------------------------    -------------------
    SLICE_X8Y173         FDCE (Prop_fdce_C_Q)         0.164     1.770 f  scan_idx_reg[1]/Q
                         net (fo=23, routed)          0.464     2.233    scan_idx[1]
    SLICE_X2Y173         LUT3 (Prop_lut3_I0_O)        0.045     2.278 r  dig_OBUF[1]_inst_i_1/O
                         net (fo=1, routed)           0.598     2.877    dig_OBUF[1]
    K16                  OBUF (Prop_obuf_I_O)         1.211     4.088 r  dig_OBUF[1]_inst/O
                         net (fo=0)                   0.000     4.088    dig[1]
    K16                                                               r  dig[1] (OUT)
  -------------------------------------------------------------------    -------------------

Slack:                    inf
  Source:                 scan_idx_reg[1]/C
                            (rising edge-triggered cell FDCE clocked by sys_clk_pin  {rise@0.000ns fall@10.000ns period=20.000ns})
  Destination:            dig[2]
                            (output port)
  Path Group:             (none)
  Path Type:              Min at Fast Process Corner
  Data Path Delay:        2.538ns  (logic 1.425ns (56.137%)  route 1.113ns (43.863%))
  Logic Levels:           2  (LUT3=1 OBUF=1)
  Clock Uncertainty:      0.025ns  ((TSJ^2 + TIJ^2)^1/2 + DJ) / 2 + PE
    Total System Jitter     (TSJ):    0.050ns
    Total Input Jitter      (TIJ):    0.000ns
    Discrete Jitter          (DJ):    0.000ns
    Phase Error              (PE):    0.000ns

    Location             Delay type                Incr(ns)  Path(ns)    Netlist Resource(s)
  -------------------------------------------------------------------    -------------------
                         (clock sys_clk_pin rise edge)
                                                      0.000     0.000 r  
    W19                                               0.000     0.000 r  clk (IN)
                         net (fo=0)                   0.000     0.000    clk
    W19                  IBUF (Prop_ibuf_I_O)         0.277     0.277 r  clk_IBUF_inst/O
                         net (fo=1, routed)           0.690     0.967    clk_IBUF
    BUFGCTRL_X0Y0        BUFG (Prop_bufg_I_O)         0.026     0.993 r  clk_IBUF_BUFG_inst/O
                         net (fo=183, routed)         0.613     1.606    clk_IBUF_BUFG
    SLICE_X8Y173         FDCE                                         r  scan_idx_reg[1]/C
  -------------------------------------------------------------------    -------------------
    SLICE_X8Y173         FDCE (Prop_fdce_C_Q)         0.164     1.770 r  scan_idx_reg[1]/Q
                         net (fo=23, routed)          0.468     2.237    scan_idx[1]
    SLICE_X2Y174         LUT3 (Prop_lut3_I1_O)        0.045     2.282 r  dig_OBUF[2]_inst_i_1/O
                         net (fo=1, routed)           0.646     2.928    dig_OBUF[2]
    L16                  OBUF (Prop_obuf_I_O)         1.216     4.143 r  dig_OBUF[2]_inst/O
                         net (fo=0)                   0.000     4.143    dig[2]
    L16                                                               r  dig[2] (OUT)
  -------------------------------------------------------------------    -------------------





--------------------------------------------------------------------------------------
Path Group:  (none)
From Clock:  
  To Clock:  sys_clk_pin

Max Delay           215 Endpoints
Min Delay           215 Endpoints
--------------------------------------------------------------------------------------


Max Delay Paths
--------------------------------------------------------------------------------------
Slack:                    inf
  Source:                 rst_n
                            (input port)
  Destination:            key_shift_reg[0][1]/CLR
                            (recovery check against rising-edge clock sys_clk_pin  {rise@0.000ns fall@10.000ns period=20.000ns})
  Path Group:             (none)
  Path Type:              Recovery (Max at Slow Process Corner)
  Data Path Delay:        6.649ns  (logic 1.579ns (23.745%)  route 5.070ns (76.255%))
  Logic Levels:           2  (IBUF=1 LUT1=1)
  Clock Path Skew:        4.553ns (DCD - SCD + CPR)
    Destination Clock Delay (DCD):    4.553ns
    Source Clock Delay      (SCD):    0.000ns
    Clock Pessimism Removal (CPR):    0.000ns
  Clock Uncertainty:      0.025ns  ((TSJ^2 + TIJ^2)^1/2 + DJ) / 2 + PE
    Total System Jitter     (TSJ):    0.050ns
    Total Input Jitter      (TIJ):    0.000ns
    Discrete Jitter          (DJ):    0.000ns
    Phase Error              (PE):    0.000ns

    Location             Delay type                Incr(ns)  Path(ns)    Netlist Resource(s)
  -------------------------------------------------------------------    -------------------
    Y19                                               0.000     0.000 r  rst_n (IN)
                         net (fo=0)                   0.000     0.000    rst_n
    Y19                  IBUF (Prop_ibuf_I_O)         1.451     1.451 r  rst_n_IBUF_inst/O
                         net (fo=3, routed)           1.722     3.173    rst_n_IBUF
    SLICE_X5Y165         LUT1 (Prop_lut1_I0_O)        0.128     3.301 f  FSM_sequential_state[0]_i_2/O
                         net (fo=155, routed)         3.348     6.649    FSM_sequential_state[0]_i_2_n_0
    SLICE_X13Y169        FDCE                                         f  key_shift_reg[0][1]/CLR
  -------------------------------------------------------------------    -------------------

                         (clock sys_clk_pin rise edge)
                                                      0.000     0.000 r  
    W19                                               0.000     0.000 r  clk (IN)
                         net (fo=0)                   0.000     0.000    clk
    W19                  IBUF (Prop_ibuf_I_O)         1.374     1.374 r  clk_IBUF_inst/O
                         net (fo=1, routed)           1.734     3.108    clk_IBUF
    BUFGCTRL_X0Y0        BUFG (Prop_bufg_I_O)         0.077     3.185 r  clk_IBUF_BUFG_inst/O
                         net (fo=183, routed)         1.368     4.553    clk_IBUF_BUFG
    SLICE_X13Y169        FDCE                                         r  key_shift_reg[0][1]/C

Slack:                    inf
  Source:                 rst_n
                            (input port)
  Destination:            key_shift_reg[0][2]/CLR
                            (recovery check against rising-edge clock sys_clk_pin  {rise@0.000ns fall@10.000ns period=20.000ns})
  Path Group:             (none)
  Path Type:              Recovery (Max at Slow Process Corner)
  Data Path Delay:        6.649ns  (logic 1.579ns (23.745%)  route 5.070ns (76.255%))
  Logic Levels:           2  (IBUF=1 LUT1=1)
  Clock Path Skew:        4.553ns (DCD - SCD + CPR)
    Destination Clock Delay (DCD):    4.553ns
    Source Clock Delay      (SCD):    0.000ns
    Clock Pessimism Removal (CPR):    0.000ns
  Clock Uncertainty:      0.025ns  ((TSJ^2 + TIJ^2)^1/2 + DJ) / 2 + PE
    Total System Jitter     (TSJ):    0.050ns
    Total Input Jitter      (TIJ):    0.000ns
    Discrete Jitter          (DJ):    0.000ns
    Phase Error              (PE):    0.000ns

    Location             Delay type                Incr(ns)  Path(ns)    Netlist Resource(s)
  -------------------------------------------------------------------    -------------------
    Y19                                               0.000     0.000 r  rst_n (IN)
                         net (fo=0)                   0.000     0.000    rst_n
    Y19                  IBUF (Prop_ibuf_I_O)         1.451     1.451 r  rst_n_IBUF_inst/O
                         net (fo=3, routed)           1.722     3.173    rst_n_IBUF
    SLICE_X5Y165         LUT1 (Prop_lut1_I0_O)        0.128     3.301 f  FSM_sequential_state[0]_i_2/O
                         net (fo=155, routed)         3.348     6.649    FSM_sequential_state[0]_i_2_n_0
    SLICE_X12Y169        FDCE                                         f  key_shift_reg[0][2]/CLR
  -------------------------------------------------------------------    -------------------

                         (clock sys_clk_pin rise edge)
                                                      0.000     0.000 r  
    W19                                               0.000     0.000 r  clk (IN)
                         net (fo=0)                   0.000     0.000    clk
    W19                  IBUF (Prop_ibuf_I_O)         1.374     1.374 r  clk_IBUF_inst/O
                         net (fo=1, routed)           1.734     3.108    clk_IBUF
    BUFGCTRL_X0Y0        BUFG (Prop_bufg_I_O)         0.077     3.185 r  clk_IBUF_BUFG_inst/O
                         net (fo=183, routed)         1.368     4.553    clk_IBUF_BUFG
    SLICE_X12Y169        FDCE                                         r  key_shift_reg[0][2]/C

Slack:                    inf
  Source:                 rst_n
                            (input port)
  Destination:            key_shift_reg[0][3]/CLR
                            (recovery check against rising-edge clock sys_clk_pin  {rise@0.000ns fall@10.000ns period=20.000ns})
  Path Group:             (none)
  Path Type:              Recovery (Max at Slow Process Corner)
  Data Path Delay:        6.649ns  (logic 1.579ns (23.745%)  route 5.070ns (76.255%))
  Logic Levels:           2  (IBUF=1 LUT1=1)
  Clock Path Skew:        4.553ns (DCD - SCD + CPR)
    Destination Clock Delay (DCD):    4.553ns
    Source Clock Delay      (SCD):    0.000ns
    Clock Pessimism Removal (CPR):    0.000ns
  Clock Uncertainty:      0.025ns  ((TSJ^2 + TIJ^2)^1/2 + DJ) / 2 + PE
    Total System Jitter     (TSJ):    0.050ns
    Total Input Jitter      (TIJ):    0.000ns
    Discrete Jitter          (DJ):    0.000ns
    Phase Error              (PE):    0.000ns

    Location             Delay type                Incr(ns)  Path(ns)    Netlist Resource(s)
  -------------------------------------------------------------------    -------------------
    Y19                                               0.000     0.000 r  rst_n (IN)
                         net (fo=0)                   0.000     0.000    rst_n
    Y19                  IBUF (Prop_ibuf_I_O)         1.451     1.451 r  rst_n_IBUF_inst/O
                         net (fo=3, routed)           1.722     3.173    rst_n_IBUF
    SLICE_X5Y165         LUT1 (Prop_lut1_I0_O)        0.128     3.301 f  FSM_sequential_state[0]_i_2/O
                         net (fo=155, routed)         3.348     6.649    FSM_sequential_state[0]_i_2_n_0
    SLICE_X12Y169        FDCE                                         f  key_shift_reg[0][3]/CLR
  -------------------------------------------------------------------    -------------------

                         (clock sys_clk_pin rise edge)
                                                      0.000     0.000 r  
    W19                                               0.000     0.000 r  clk (IN)
                         net (fo=0)                   0.000     0.000    clk
    W19                  IBUF (Prop_ibuf_I_O)         1.374     1.374 r  clk_IBUF_inst/O
                         net (fo=1, routed)           1.734     3.108    clk_IBUF
    BUFGCTRL_X0Y0        BUFG (Prop_bufg_I_O)         0.077     3.185 r  clk_IBUF_BUFG_inst/O
                         net (fo=183, routed)         1.368     4.553    clk_IBUF_BUFG
    SLICE_X12Y169        FDCE                                         r  key_shift_reg[0][3]/C

Slack:                    inf
  Source:                 rst_n
                            (input port)
  Destination:            key_shift_reg[0][4]/CLR
                            (recovery check against rising-edge clock sys_clk_pin  {rise@0.000ns fall@10.000ns period=20.000ns})
  Path Group:             (none)
  Path Type:              Recovery (Max at Slow Process Corner)
  Data Path Delay:        6.649ns  (logic 1.579ns (23.745%)  route 5.070ns (76.255%))
  Logic Levels:           2  (IBUF=1 LUT1=1)
  Clock Path Skew:        4.553ns (DCD - SCD + CPR)
    Destination Clock Delay (DCD):    4.553ns
    Source Clock Delay      (SCD):    0.000ns
    Clock Pessimism Removal (CPR):    0.000ns
  Clock Uncertainty:      0.025ns  ((TSJ^2 + TIJ^2)^1/2 + DJ) / 2 + PE
    Total System Jitter     (TSJ):    0.050ns
    Total Input Jitter      (TIJ):    0.000ns
    Discrete Jitter          (DJ):    0.000ns
    Phase Error              (PE):    0.000ns

    Location             Delay type                Incr(ns)  Path(ns)    Netlist Resource(s)
  -------------------------------------------------------------------    -------------------
    Y19                                               0.000     0.000 r  rst_n (IN)
                         net (fo=0)                   0.000     0.000    rst_n
    Y19                  IBUF (Prop_ibuf_I_O)         1.451     1.451 r  rst_n_IBUF_inst/O
                         net (fo=3, routed)           1.722     3.173    rst_n_IBUF
    SLICE_X5Y165         LUT1 (Prop_lut1_I0_O)        0.128     3.301 f  FSM_sequential_state[0]_i_2/O
                         net (fo=155, routed)         3.348     6.649    FSM_sequential_state[0]_i_2_n_0
    SLICE_X12Y169        FDCE                                         f  key_shift_reg[0][4]/CLR
  -------------------------------------------------------------------    -------------------

                         (clock sys_clk_pin rise edge)
                                                      0.000     0.000 r  
    W19                                               0.000     0.000 r  clk (IN)
                         net (fo=0)                   0.000     0.000    clk
    W19                  IBUF (Prop_ibuf_I_O)         1.374     1.374 r  clk_IBUF_inst/O
                         net (fo=1, routed)           1.734     3.108    clk_IBUF
    BUFGCTRL_X0Y0        BUFG (Prop_bufg_I_O)         0.077     3.185 r  clk_IBUF_BUFG_inst/O
                         net (fo=183, routed)         1.368     4.553    clk_IBUF_BUFG
    SLICE_X12Y169        FDCE                                         r  key_shift_reg[0][4]/C

Slack:                    inf
  Source:                 rst_n
                            (input port)
  Destination:            key_shift_reg[0][7]/CLR
                            (recovery check against rising-edge clock sys_clk_pin  {rise@0.000ns fall@10.000ns period=20.000ns})
  Path Group:             (none)
  Path Type:              Recovery (Max at Slow Process Corner)
  Data Path Delay:        6.649ns  (logic 1.579ns (23.745%)  route 5.070ns (76.255%))
  Logic Levels:           2  (IBUF=1 LUT1=1)
  Clock Path Skew:        4.553ns (DCD - SCD + CPR)
    Destination Clock Delay (DCD):    4.553ns
    Source Clock Delay      (SCD):    0.000ns
    Clock Pessimism Removal (CPR):    0.000ns
  Clock Uncertainty:      0.025ns  ((TSJ^2 + TIJ^2)^1/2 + DJ) / 2 + PE
    Total System Jitter     (TSJ):    0.050ns
    Total Input Jitter      (TIJ):    0.000ns
    Discrete Jitter          (DJ):    0.000ns
    Phase Error              (PE):    0.000ns

    Location             Delay type                Incr(ns)  Path(ns)    Netlist Resource(s)
  -------------------------------------------------------------------    -------------------
    Y19                                               0.000     0.000 r  rst_n (IN)
                         net (fo=0)                   0.000     0.000    rst_n
    Y19                  IBUF (Prop_ibuf_I_O)         1.451     1.451 r  rst_n_IBUF_inst/O
                         net (fo=3, routed)           1.722     3.173    rst_n_IBUF
    SLICE_X5Y165         LUT1 (Prop_lut1_I0_O)        0.128     3.301 f  FSM_sequential_state[0]_i_2/O
                         net (fo=155, routed)         3.348     6.649    FSM_sequential_state[0]_i_2_n_0
    SLICE_X12Y169        FDCE                                         f  key_shift_reg[0][7]/CLR
  -------------------------------------------------------------------    -------------------

                         (clock sys_clk_pin rise edge)
                                                      0.000     0.000 r  
    W19                                               0.000     0.000 r  clk (IN)
                         net (fo=0)                   0.000     0.000    clk
    W19                  IBUF (Prop_ibuf_I_O)         1.374     1.374 r  clk_IBUF_inst/O
                         net (fo=1, routed)           1.734     3.108    clk_IBUF
    BUFGCTRL_X0Y0        BUFG (Prop_bufg_I_O)         0.077     3.185 r  clk_IBUF_BUFG_inst/O
                         net (fo=183, routed)         1.368     4.553    clk_IBUF_BUFG
    SLICE_X12Y169        FDCE                                         r  key_shift_reg[0][7]/C

Slack:                    inf
  Source:                 rst_n
                            (input port)
  Destination:            lfsr_reg[0]/PRE
                            (recovery check against rising-edge clock sys_clk_pin  {rise@0.000ns fall@10.000ns period=20.000ns})
  Path Group:             (none)
  Path Type:              Recovery (Max at Slow Process Corner)
  Data Path Delay:        6.636ns  (logic 1.579ns (23.789%)  route 5.057ns (76.211%))
  Logic Levels:           2  (IBUF=1 LUT1=1)
  Clock Path Skew:        4.550ns (DCD - SCD + CPR)
    Destination Clock Delay (DCD):    4.550ns
    Source Clock Delay      (SCD):    0.000ns
    Clock Pessimism Removal (CPR):    0.000ns
  Clock Uncertainty:      0.025ns  ((TSJ^2 + TIJ^2)^1/2 + DJ) / 2 + PE
    Total System Jitter     (TSJ):    0.050ns
    Total Input Jitter      (TIJ):    0.000ns
    Discrete Jitter          (DJ):    0.000ns
    Phase Error              (PE):    0.000ns

    Location             Delay type                Incr(ns)  Path(ns)    Netlist Resource(s)
  -------------------------------------------------------------------    -------------------
    Y19                                               0.000     0.000 r  rst_n (IN)
                         net (fo=0)                   0.000     0.000    rst_n
    Y19                  IBUF (Prop_ibuf_I_O)         1.451     1.451 r  rst_n_IBUF_inst/O
                         net (fo=3, routed)           1.722     3.173    rst_n_IBUF
    SLICE_X5Y165         LUT1 (Prop_lut1_I0_O)        0.128     3.301 f  FSM_sequential_state[0]_i_2/O
                         net (fo=155, routed)         3.335     6.636    FSM_sequential_state[0]_i_2_n_0
    SLICE_X11Y172        FDPE                                         f  lfsr_reg[0]/PRE
  -------------------------------------------------------------------    -------------------

                         (clock sys_clk_pin rise edge)
                                                      0.000     0.000 r  
    W19                                               0.000     0.000 r  clk (IN)
                         net (fo=0)                   0.000     0.000    clk
    W19                  IBUF (Prop_ibuf_I_O)         1.374     1.374 r  clk_IBUF_inst/O
                         net (fo=1, routed)           1.734     3.108    clk_IBUF
    BUFGCTRL_X0Y0        BUFG (Prop_bufg_I_O)         0.077     3.185 r  clk_IBUF_BUFG_inst/O
                         net (fo=183, routed)         1.365     4.550    clk_IBUF_BUFG
    SLICE_X11Y172        FDPE                                         r  lfsr_reg[0]/C

Slack:                    inf
  Source:                 rst_n
                            (input port)
  Destination:            lfsr_reg[4]/CLR
                            (recovery check against rising-edge clock sys_clk_pin  {rise@0.000ns fall@10.000ns period=20.000ns})
  Path Group:             (none)
  Path Type:              Recovery (Max at Slow Process Corner)
  Data Path Delay:        6.636ns  (logic 1.579ns (23.789%)  route 5.057ns (76.211%))
  Logic Levels:           2  (IBUF=1 LUT1=1)
  Clock Path Skew:        4.550ns (DCD - SCD + CPR)
    Destination Clock Delay (DCD):    4.550ns
    Source Clock Delay      (SCD):    0.000ns
    Clock Pessimism Removal (CPR):    0.000ns
  Clock Uncertainty:      0.025ns  ((TSJ^2 + TIJ^2)^1/2 + DJ) / 2 + PE
    Total System Jitter     (TSJ):    0.050ns
    Total Input Jitter      (TIJ):    0.000ns
    Discrete Jitter          (DJ):    0.000ns
    Phase Error              (PE):    0.000ns

    Location             Delay type                Incr(ns)  Path(ns)    Netlist Resource(s)
  -------------------------------------------------------------------    -------------------
    Y19                                               0.000     0.000 r  rst_n (IN)
                         net (fo=0)                   0.000     0.000    rst_n
    Y19                  IBUF (Prop_ibuf_I_O)         1.451     1.451 r  rst_n_IBUF_inst/O
                         net (fo=3, routed)           1.722     3.173    rst_n_IBUF
    SLICE_X5Y165         LUT1 (Prop_lut1_I0_O)        0.128     3.301 f  FSM_sequential_state[0]_i_2/O
                         net (fo=155, routed)         3.335     6.636    FSM_sequential_state[0]_i_2_n_0
    SLICE_X11Y172        FDCE                                         f  lfsr_reg[4]/CLR
  -------------------------------------------------------------------    -------------------

                         (clock sys_clk_pin rise edge)
                                                      0.000     0.000 r  
    W19                                               0.000     0.000 r  clk (IN)
                         net (fo=0)                   0.000     0.000    clk
    W19                  IBUF (Prop_ibuf_I_O)         1.374     1.374 r  clk_IBUF_inst/O
                         net (fo=1, routed)           1.734     3.108    clk_IBUF
    BUFGCTRL_X0Y0        BUFG (Prop_bufg_I_O)         0.077     3.185 r  clk_IBUF_BUFG_inst/O
                         net (fo=183, routed)         1.365     4.550    clk_IBUF_BUFG
    SLICE_X11Y172        FDCE                                         r  lfsr_reg[4]/C

Slack:                    inf
  Source:                 rst_n
                            (input port)
  Destination:            lfsr_reg[5]/PRE
                            (recovery check against rising-edge clock sys_clk_pin  {rise@0.000ns fall@10.000ns period=20.000ns})
  Path Group:             (none)
  Path Type:              Recovery (Max at Slow Process Corner)
  Data Path Delay:        6.636ns  (logic 1.579ns (23.789%)  route 5.057ns (76.211%))
  Logic Levels:           2  (IBUF=1 LUT1=1)
  Clock Path Skew:        4.550ns (DCD - SCD + CPR)
    Destination Clock Delay (DCD):    4.550ns
    Source Clock Delay      (SCD):    0.000ns
    Clock Pessimism Removal (CPR):    0.000ns
  Clock Uncertainty:      0.025ns  ((TSJ^2 + TIJ^2)^1/2 + DJ) / 2 + PE
    Total System Jitter     (TSJ):    0.050ns
    Total Input Jitter      (TIJ):    0.000ns
    Discrete Jitter          (DJ):    0.000ns
    Phase Error              (PE):    0.000ns

    Location             Delay type                Incr(ns)  Path(ns)    Netlist Resource(s)
  -------------------------------------------------------------------    -------------------
    Y19                                               0.000     0.000 r  rst_n (IN)
                         net (fo=0)                   0.000     0.000    rst_n
    Y19                  IBUF (Prop_ibuf_I_O)         1.451     1.451 r  rst_n_IBUF_inst/O
                         net (fo=3, routed)           1.722     3.173    rst_n_IBUF
    SLICE_X5Y165         LUT1 (Prop_lut1_I0_O)        0.128     3.301 f  FSM_sequential_state[0]_i_2/O
                         net (fo=155, routed)         3.335     6.636    FSM_sequential_state[0]_i_2_n_0
    SLICE_X10Y172        FDPE                                         f  lfsr_reg[5]/PRE
  -------------------------------------------------------------------    -------------------

                         (clock sys_clk_pin rise edge)
                                                      0.000     0.000 r  
    W19                                               0.000     0.000 r  clk (IN)
                         net (fo=0)                   0.000     0.000    clk
    W19                  IBUF (Prop_ibuf_I_O)         1.374     1.374 r  clk_IBUF_inst/O
                         net (fo=1, routed)           1.734     3.108    clk_IBUF
    BUFGCTRL_X0Y0        BUFG (Prop_bufg_I_O)         0.077     3.185 r  clk_IBUF_BUFG_inst/O
                         net (fo=183, routed)         1.365     4.550    clk_IBUF_BUFG
    SLICE_X10Y172        FDPE                                         r  lfsr_reg[5]/C

Slack:                    inf
  Source:                 rst_n
                            (input port)
  Destination:            lfsr_reg[6]/CLR
                            (recovery check against rising-edge clock sys_clk_pin  {rise@0.000ns fall@10.000ns period=20.000ns})
  Path Group:             (none)
  Path Type:              Recovery (Max at Slow Process Corner)
  Data Path Delay:        6.636ns  (logic 1.579ns (23.789%)  route 5.057ns (76.211%))
  Logic Levels:           2  (IBUF=1 LUT1=1)
  Clock Path Skew:        4.550ns (DCD - SCD + CPR)
    Destination Clock Delay (DCD):    4.550ns
    Source Clock Delay      (SCD):    0.000ns
    Clock Pessimism Removal (CPR):    0.000ns
  Clock Uncertainty:      0.025ns  ((TSJ^2 + TIJ^2)^1/2 + DJ) / 2 + PE
    Total System Jitter     (TSJ):    0.050ns
    Total Input Jitter      (TIJ):    0.000ns
    Discrete Jitter          (DJ):    0.000ns
    Phase Error              (PE):    0.000ns

    Location             Delay type                Incr(ns)  Path(ns)    Netlist Resource(s)
  -------------------------------------------------------------------    -------------------
    Y19                                               0.000     0.000 r  rst_n (IN)
                         net (fo=0)                   0.000     0.000    rst_n
    Y19                  IBUF (Prop_ibuf_I_O)         1.451     1.451 r  rst_n_IBUF_inst/O
                         net (fo=3, routed)           1.722     3.173    rst_n_IBUF
    SLICE_X5Y165         LUT1 (Prop_lut1_I0_O)        0.128     3.301 f  FSM_sequential_state[0]_i_2/O
                         net (fo=155, routed)         3.335     6.636    FSM_sequential_state[0]_i_2_n_0
    SLICE_X10Y172        FDCE                                         f  lfsr_reg[6]/CLR
  -------------------------------------------------------------------    -------------------

                         (clock sys_clk_pin rise edge)
                                                      0.000     0.000 r  
    W19                                               0.000     0.000 r  clk (IN)
                         net (fo=0)                   0.000     0.000    clk
    W19                  IBUF (Prop_ibuf_I_O)         1.374     1.374 r  clk_IBUF_inst/O
                         net (fo=1, routed)           1.734     3.108    clk_IBUF
    BUFGCTRL_X0Y0        BUFG (Prop_bufg_I_O)         0.077     3.185 r  clk_IBUF_BUFG_inst/O
                         net (fo=183, routed)         1.365     4.550    clk_IBUF_BUFG
    SLICE_X10Y172        FDCE                                         r  lfsr_reg[6]/C

Slack:                    inf
  Source:                 rst_n
                            (input port)
  Destination:            lfsr_reg[7]/PRE
                            (recovery check against rising-edge clock sys_clk_pin  {rise@0.000ns fall@10.000ns period=20.000ns})
  Path Group:             (none)
  Path Type:              Recovery (Max at Slow Process Corner)
  Data Path Delay:        6.636ns  (logic 1.579ns (23.789%)  route 5.057ns (76.211%))
  Logic Levels:           2  (IBUF=1 LUT1=1)
  Clock Path Skew:        4.550ns (DCD - SCD + CPR)
    Destination Clock Delay (DCD):    4.550ns
    Source Clock Delay      (SCD):    0.000ns
    Clock Pessimism Removal (CPR):    0.000ns
  Clock Uncertainty:      0.025ns  ((TSJ^2 + TIJ^2)^1/2 + DJ) / 2 + PE
    Total System Jitter     (TSJ):    0.050ns
    Total Input Jitter      (TIJ):    0.000ns
    Discrete Jitter          (DJ):    0.000ns
    Phase Error              (PE):    0.000ns

    Location             Delay type                Incr(ns)  Path(ns)    Netlist Resource(s)
  -------------------------------------------------------------------    -------------------
    Y19                                               0.000     0.000 r  rst_n (IN)
                         net (fo=0)                   0.000     0.000    rst_n
    Y19                  IBUF (Prop_ibuf_I_O)         1.451     1.451 r  rst_n_IBUF_inst/O
                         net (fo=3, routed)           1.722     3.173    rst_n_IBUF
    SLICE_X5Y165         LUT1 (Prop_lut1_I0_O)        0.128     3.301 f  FSM_sequential_state[0]_i_2/O
                         net (fo=155, routed)         3.335     6.636    FSM_sequential_state[0]_i_2_n_0
    SLICE_X11Y172        FDPE                                         f  lfsr_reg[7]/PRE
  -------------------------------------------------------------------    -------------------

                         (clock sys_clk_pin rise edge)
                                                      0.000     0.000 r  
    W19                                               0.000     0.000 r  clk (IN)
                         net (fo=0)                   0.000     0.000    clk
    W19                  IBUF (Prop_ibuf_I_O)         1.374     1.374 r  clk_IBUF_inst/O
                         net (fo=1, routed)           1.734     3.108    clk_IBUF
    BUFGCTRL_X0Y0        BUFG (Prop_bufg_I_O)         0.077     3.185 r  clk_IBUF_BUFG_inst/O
                         net (fo=183, routed)         1.365     4.550    clk_IBUF_BUFG
    SLICE_X11Y172        FDPE                                         r  lfsr_reg[7]/C





Min Delay Paths
--------------------------------------------------------------------------------------
Slack:                    inf
  Source:                 key[2]
                            (input port)
  Destination:            key_shift_reg[2][0]/D
                            (rising edge-triggered cell FDCE clocked by sys_clk_pin  {rise@0.000ns fall@10.000ns period=20.000ns})
  Path Group:             (none)
  Path Type:              Hold (Min at Fast Process Corner)
  Data Path Delay:        1.249ns  (logic 0.314ns (25.135%)  route 0.935ns (74.865%))
  Logic Levels:           2  (IBUF=1 LUT1=1)
  Clock Path Skew:        2.135ns (DCD - SCD - CPR)
    Destination Clock Delay (DCD):    2.135ns
    Source Clock Delay      (SCD):    0.000ns
    Clock Pessimism Removal (CPR):    -0.000ns

    Location             Delay type                Incr(ns)  Path(ns)    Netlist Resource(s)
  -------------------------------------------------------------------    -------------------
    T20                                               0.000     0.000 f  key[2] (IN)
                         net (fo=0)                   0.000     0.000    key[2]
    T20                  IBUF (Prop_ibuf_I_O)         0.269     0.269 f  key_IBUF[2]_inst/O
                         net (fo=1, routed)           0.935     1.204    key_IBUF[2]
    SLICE_X8Y164         LUT1 (Prop_lut1_I0_O)        0.045     1.249 r  key_shift[2][0]_i_1/O
                         net (fo=1, routed)           0.000     1.249    key_shift[2][0]_i_1_n_0
    SLICE_X8Y164         FDCE                                         r  key_shift_reg[2][0]/D
  -------------------------------------------------------------------    -------------------

                         (clock sys_clk_pin rise edge)
                                                      0.000     0.000 r  
    W19                                               0.000     0.000 r  clk (IN)
                         net (fo=0)                   0.000     0.000    clk
    W19                  IBUF (Prop_ibuf_I_O)         0.465     0.465 r  clk_IBUF_inst/O
                         net (fo=1, routed)           0.750     1.215    clk_IBUF
    BUFGCTRL_X0Y0        BUFG (Prop_bufg_I_O)         0.029     1.244 r  clk_IBUF_BUFG_inst/O
                         net (fo=183, routed)         0.891     2.135    clk_IBUF_BUFG
    SLICE_X8Y164         FDCE                                         r  key_shift_reg[2][0]/C

Slack:                    inf
  Source:                 rst_n
                            (input port)
  Destination:            music_cnt_reg[5]/CE
                            (rising edge-triggered cell FDRE clocked by sys_clk_pin  {rise@0.000ns fall@10.000ns period=20.000ns})
  Path Group:             (none)
  Path Type:              Hold (Min at Fast Process Corner)
  Data Path Delay:        1.277ns  (logic 0.332ns (26.014%)  route 0.945ns (73.986%))
  Logic Levels:           2  (IBUF=1 LUT3=1)
  Clock Path Skew:        2.162ns (DCD - SCD - CPR)
    Destination Clock Delay (DCD):    2.162ns
    Source Clock Delay      (SCD):    0.000ns
    Clock Pessimism Removal (CPR):    -0.000ns

    Location             Delay type                Incr(ns)  Path(ns)    Netlist Resource(s)
  -------------------------------------------------------------------    -------------------
    Y19                                               0.000     0.000 r  rst_n (IN)
                         net (fo=0)                   0.000     0.000    rst_n
    Y19                  IBUF (Prop_ibuf_I_O)         0.287     0.287 r  rst_n_IBUF_inst/O
                         net (fo=3, routed)           0.815     1.102    rst_n_IBUF
    SLICE_X5Y165         LUT3 (Prop_lut3_I0_O)        0.045     1.147 r  music_cnt[27]_i_2/O
                         net (fo=28, routed)          0.129     1.277    music_cnt[27]_i_2_n_0
    SLICE_X4Y166         FDRE                                         r  music_cnt_reg[5]/CE
  -------------------------------------------------------------------    -------------------

                         (clock sys_clk_pin rise edge)
                                                      0.000     0.000 r  
    W19                                               0.000     0.000 r  clk (IN)
                         net (fo=0)                   0.000     0.000    clk
    W19                  IBUF (Prop_ibuf_I_O)         0.465     0.465 r  clk_IBUF_inst/O
                         net (fo=1, routed)           0.750     1.215    clk_IBUF
    BUFGCTRL_X0Y0        BUFG (Prop_bufg_I_O)         0.029     1.244 r  clk_IBUF_BUFG_inst/O
                         net (fo=183, routed)         0.919     2.162    clk_IBUF_BUFG
    SLICE_X4Y166         FDRE                                         r  music_cnt_reg[5]/C

Slack:                    inf
  Source:                 rst_n
                            (input port)
  Destination:            music_cnt_reg[6]/CE
                            (rising edge-triggered cell FDRE clocked by sys_clk_pin  {rise@0.000ns fall@10.000ns period=20.000ns})
  Path Group:             (none)
  Path Type:              Hold (Min at Fast Process Corner)
  Data Path Delay:        1.277ns  (logic 0.332ns (26.014%)  route 0.945ns (73.986%))
  Logic Levels:           2  (IBUF=1 LUT3=1)
  Clock Path Skew:        2.162ns (DCD - SCD - CPR)
    Destination Clock Delay (DCD):    2.162ns
    Source Clock Delay      (SCD):    0.000ns
    Clock Pessimism Removal (CPR):    -0.000ns

    Location             Delay type                Incr(ns)  Path(ns)    Netlist Resource(s)
  -------------------------------------------------------------------    -------------------
    Y19                                               0.000     0.000 r  rst_n (IN)
                         net (fo=0)                   0.000     0.000    rst_n
    Y19                  IBUF (Prop_ibuf_I_O)         0.287     0.287 r  rst_n_IBUF_inst/O
                         net (fo=3, routed)           0.815     1.102    rst_n_IBUF
    SLICE_X5Y165         LUT3 (Prop_lut3_I0_O)        0.045     1.147 r  music_cnt[27]_i_2/O
                         net (fo=28, routed)          0.129     1.277    music_cnt[27]_i_2_n_0
    SLICE_X4Y166         FDRE                                         r  music_cnt_reg[6]/CE
  -------------------------------------------------------------------    -------------------

                         (clock sys_clk_pin rise edge)
                                                      0.000     0.000 r  
    W19                                               0.000     0.000 r  clk (IN)
                         net (fo=0)                   0.000     0.000    clk
    W19                  IBUF (Prop_ibuf_I_O)         0.465     0.465 r  clk_IBUF_inst/O
                         net (fo=1, routed)           0.750     1.215    clk_IBUF
    BUFGCTRL_X0Y0        BUFG (Prop_bufg_I_O)         0.029     1.244 r  clk_IBUF_BUFG_inst/O
                         net (fo=183, routed)         0.919     2.162    clk_IBUF_BUFG
    SLICE_X4Y166         FDRE                                         r  music_cnt_reg[6]/C

Slack:                    inf
  Source:                 rst_n
                            (input port)
  Destination:            music_cnt_reg[7]/CE
                            (rising edge-triggered cell FDRE clocked by sys_clk_pin  {rise@0.000ns fall@10.000ns period=20.000ns})
  Path Group:             (none)
  Path Type:              Hold (Min at Fast Process Corner)
  Data Path Delay:        1.277ns  (logic 0.332ns (26.014%)  route 0.945ns (73.986%))
  Logic Levels:           2  (IBUF=1 LUT3=1)
  Clock Path Skew:        2.162ns (DCD - SCD - CPR)
    Destination Clock Delay (DCD):    2.162ns
    Source Clock Delay      (SCD):    0.000ns
    Clock Pessimism Removal (CPR):    -0.000ns

    Location             Delay type                Incr(ns)  Path(ns)    Netlist Resource(s)
  -------------------------------------------------------------------    -------------------
    Y19                                               0.000     0.000 r  rst_n (IN)
                         net (fo=0)                   0.000     0.000    rst_n
    Y19                  IBUF (Prop_ibuf_I_O)         0.287     0.287 r  rst_n_IBUF_inst/O
                         net (fo=3, routed)           0.815     1.102    rst_n_IBUF
    SLICE_X5Y165         LUT3 (Prop_lut3_I0_O)        0.045     1.147 r  music_cnt[27]_i_2/O
                         net (fo=28, routed)          0.129     1.277    music_cnt[27]_i_2_n_0
    SLICE_X4Y166         FDRE                                         r  music_cnt_reg[7]/CE
  -------------------------------------------------------------------    -------------------

                         (clock sys_clk_pin rise edge)
                                                      0.000     0.000 r  
    W19                                               0.000     0.000 r  clk (IN)
                         net (fo=0)                   0.000     0.000    clk
    W19                  IBUF (Prop_ibuf_I_O)         0.465     0.465 r  clk_IBUF_inst/O
                         net (fo=1, routed)           0.750     1.215    clk_IBUF
    BUFGCTRL_X0Y0        BUFG (Prop_bufg_I_O)         0.029     1.244 r  clk_IBUF_BUFG_inst/O
                         net (fo=183, routed)         0.919     2.162    clk_IBUF_BUFG
    SLICE_X4Y166         FDRE                                         r  music_cnt_reg[7]/C

Slack:                    inf
  Source:                 rst_n
                            (input port)
  Destination:            music_cnt_reg[8]/CE
                            (rising edge-triggered cell FDRE clocked by sys_clk_pin  {rise@0.000ns fall@10.000ns period=20.000ns})
  Path Group:             (none)
  Path Type:              Hold (Min at Fast Process Corner)
  Data Path Delay:        1.277ns  (logic 0.332ns (26.014%)  route 0.945ns (73.986%))
  Logic Levels:           2  (IBUF=1 LUT3=1)
  Clock Path Skew:        2.162ns (DCD - SCD - CPR)
    Destination Clock Delay (DCD):    2.162ns
    Source Clock Delay      (SCD):    0.000ns
    Clock Pessimism Removal (CPR):    -0.000ns

    Location             Delay type                Incr(ns)  Path(ns)    Netlist Resource(s)
  -------------------------------------------------------------------    -------------------
    Y19                                               0.000     0.000 r  rst_n (IN)
                         net (fo=0)                   0.000     0.000    rst_n
    Y19                  IBUF (Prop_ibuf_I_O)         0.287     0.287 r  rst_n_IBUF_inst/O
                         net (fo=3, routed)           0.815     1.102    rst_n_IBUF
    SLICE_X5Y165         LUT3 (Prop_lut3_I0_O)        0.045     1.147 r  music_cnt[27]_i_2/O
                         net (fo=28, routed)          0.129     1.277    music_cnt[27]_i_2_n_0
    SLICE_X4Y166         FDRE                                         r  music_cnt_reg[8]/CE
  -------------------------------------------------------------------    -------------------

                         (clock sys_clk_pin rise edge)
                                                      0.000     0.000 r  
    W19                                               0.000     0.000 r  clk (IN)
                         net (fo=0)                   0.000     0.000    clk
    W19                  IBUF (Prop_ibuf_I_O)         0.465     0.465 r  clk_IBUF_inst/O
                         net (fo=1, routed)           0.750     1.215    clk_IBUF
    BUFGCTRL_X0Y0        BUFG (Prop_bufg_I_O)         0.029     1.244 r  clk_IBUF_BUFG_inst/O
                         net (fo=183, routed)         0.919     2.162    clk_IBUF_BUFG
    SLICE_X4Y166         FDRE                                         r  music_cnt_reg[8]/C

Slack:                    inf
  Source:                 rst_n
                            (input port)
  Destination:            beep_cnt_reg[0]/CLR
                            (removal check against rising-edge clock sys_clk_pin  {rise@0.000ns fall@10.000ns period=20.000ns})
  Path Group:             (none)
  Path Type:              Removal (Min at Fast Process Corner)
  Data Path Delay:        1.346ns  (logic 0.332ns (24.671%)  route 1.014ns (75.329%))
  Logic Levels:           2  (IBUF=1 LUT1=1)
  Clock Path Skew:        2.164ns (DCD - SCD - CPR)
    Destination Clock Delay (DCD):    2.164ns
    Source Clock Delay      (SCD):    0.000ns
    Clock Pessimism Removal (CPR):    -0.000ns

    Location             Delay type                Incr(ns)  Path(ns)    Netlist Resource(s)
  -------------------------------------------------------------------    -------------------
    Y19                                               0.000     0.000 r  rst_n (IN)
                         net (fo=0)                   0.000     0.000    rst_n
    Y19                  IBUF (Prop_ibuf_I_O)         0.287     0.287 r  rst_n_IBUF_inst/O
                         net (fo=3, routed)           0.815     1.102    rst_n_IBUF
    SLICE_X5Y165         LUT1 (Prop_lut1_I0_O)        0.045     1.147 f  FSM_sequential_state[0]_i_2/O
                         net (fo=155, routed)         0.199     1.346    FSM_sequential_state[0]_i_2_n_0
    SLICE_X5Y164         FDCE                                         f  beep_cnt_reg[0]/CLR
  -------------------------------------------------------------------    -------------------

                         (clock sys_clk_pin rise edge)
                                                      0.000     0.000 r  
    W19                                               0.000     0.000 r  clk (IN)
                         net (fo=0)                   0.000     0.000    clk
    W19                  IBUF (Prop_ibuf_I_O)         0.465     0.465 r  clk_IBUF_inst/O
                         net (fo=1, routed)           0.750     1.215    clk_IBUF
    BUFGCTRL_X0Y0        BUFG (Prop_bufg_I_O)         0.029     1.244 r  clk_IBUF_BUFG_inst/O
                         net (fo=183, routed)         0.920     2.164    clk_IBUF_BUFG
    SLICE_X5Y164         FDCE                                         r  beep_cnt_reg[0]/C

Slack:                    inf
  Source:                 rst_n
                            (input port)
  Destination:            beep_cnt_reg[10]/CLR
                            (removal check against rising-edge clock sys_clk_pin  {rise@0.000ns fall@10.000ns period=20.000ns})
  Path Group:             (none)
  Path Type:              Removal (Min at Fast Process Corner)
  Data Path Delay:        1.346ns  (logic 0.332ns (24.671%)  route 1.014ns (75.329%))
  Logic Levels:           2  (IBUF=1 LUT1=1)
  Clock Path Skew:        2.164ns (DCD - SCD - CPR)
    Destination Clock Delay (DCD):    2.164ns
    Source Clock Delay      (SCD):    0.000ns
    Clock Pessimism Removal (CPR):    -0.000ns

    Location             Delay type                Incr(ns)  Path(ns)    Netlist Resource(s)
  -------------------------------------------------------------------    -------------------
    Y19                                               0.000     0.000 r  rst_n (IN)
                         net (fo=0)                   0.000     0.000    rst_n
    Y19                  IBUF (Prop_ibuf_I_O)         0.287     0.287 r  rst_n_IBUF_inst/O
                         net (fo=3, routed)           0.815     1.102    rst_n_IBUF
    SLICE_X5Y165         LUT1 (Prop_lut1_I0_O)        0.045     1.147 f  FSM_sequential_state[0]_i_2/O
                         net (fo=155, routed)         0.199     1.346    FSM_sequential_state[0]_i_2_n_0
    SLICE_X5Y164         FDCE                                         f  beep_cnt_reg[10]/CLR
  -------------------------------------------------------------------    -------------------

                         (clock sys_clk_pin rise edge)
                                                      0.000     0.000 r  
    W19                                               0.000     0.000 r  clk (IN)
                         net (fo=0)                   0.000     0.000    clk
    W19                  IBUF (Prop_ibuf_I_O)         0.465     0.465 r  clk_IBUF_inst/O
                         net (fo=1, routed)           0.750     1.215    clk_IBUF
    BUFGCTRL_X0Y0        BUFG (Prop_bufg_I_O)         0.029     1.244 r  clk_IBUF_BUFG_inst/O
                         net (fo=183, routed)         0.920     2.164    clk_IBUF_BUFG
    SLICE_X5Y164         FDCE                                         r  beep_cnt_reg[10]/C

Slack:                    inf
  Source:                 rst_n
                            (input port)
  Destination:            beep_cnt_reg[12]/CLR
                            (removal check against rising-edge clock sys_clk_pin  {rise@0.000ns fall@10.000ns period=20.000ns})
  Path Group:             (none)
  Path Type:              Removal (Min at Fast Process Corner)
  Data Path Delay:        1.346ns  (logic 0.332ns (24.671%)  route 1.014ns (75.329%))
  Logic Levels:           2  (IBUF=1 LUT1=1)
  Clock Path Skew:        2.164ns (DCD - SCD - CPR)
    Destination Clock Delay (DCD):    2.164ns
    Source Clock Delay      (SCD):    0.000ns
    Clock Pessimism Removal (CPR):    -0.000ns

    Location             Delay type                Incr(ns)  Path(ns)    Netlist Resource(s)
  -------------------------------------------------------------------    -------------------
    Y19                                               0.000     0.000 r  rst_n (IN)
                         net (fo=0)                   0.000     0.000    rst_n
    Y19                  IBUF (Prop_ibuf_I_O)         0.287     0.287 r  rst_n_IBUF_inst/O
                         net (fo=3, routed)           0.815     1.102    rst_n_IBUF
    SLICE_X5Y165         LUT1 (Prop_lut1_I0_O)        0.045     1.147 f  FSM_sequential_state[0]_i_2/O
                         net (fo=155, routed)         0.199     1.346    FSM_sequential_state[0]_i_2_n_0
    SLICE_X5Y164         FDCE                                         f  beep_cnt_reg[12]/CLR
  -------------------------------------------------------------------    -------------------

                         (clock sys_clk_pin rise edge)
                                                      0.000     0.000 r  
    W19                                               0.000     0.000 r  clk (IN)
                         net (fo=0)                   0.000     0.000    clk
    W19                  IBUF (Prop_ibuf_I_O)         0.465     0.465 r  clk_IBUF_inst/O
                         net (fo=1, routed)           0.750     1.215    clk_IBUF
    BUFGCTRL_X0Y0        BUFG (Prop_bufg_I_O)         0.029     1.244 r  clk_IBUF_BUFG_inst/O
                         net (fo=183, routed)         0.920     2.164    clk_IBUF_BUFG
    SLICE_X5Y164         FDCE                                         r  beep_cnt_reg[12]/C

Slack:                    inf
  Source:                 rst_n
                            (input port)
  Destination:            music_cnt_reg[10]/CE
                            (rising edge-triggered cell FDRE clocked by sys_clk_pin  {rise@0.000ns fall@10.000ns period=20.000ns})
  Path Group:             (none)
  Path Type:              Hold (Min at Fast Process Corner)
  Data Path Delay:        1.348ns  (logic 0.332ns (24.632%)  route 1.016ns (75.368%))
  Logic Levels:           2  (IBUF=1 LUT3=1)
  Clock Path Skew:        2.161ns (DCD - SCD - CPR)
    Destination Clock Delay (DCD):    2.161ns
    Source Clock Delay      (SCD):    0.000ns
    Clock Pessimism Removal (CPR):    -0.000ns

    Location             Delay type                Incr(ns)  Path(ns)    Netlist Resource(s)
  -------------------------------------------------------------------    -------------------
    Y19                                               0.000     0.000 r  rst_n (IN)
                         net (fo=0)                   0.000     0.000    rst_n
    Y19                  IBUF (Prop_ibuf_I_O)         0.287     0.287 r  rst_n_IBUF_inst/O
                         net (fo=3, routed)           0.815     1.102    rst_n_IBUF
    SLICE_X5Y165         LUT3 (Prop_lut3_I0_O)        0.045     1.147 r  music_cnt[27]_i_2/O
                         net (fo=28, routed)          0.201     1.348    music_cnt[27]_i_2_n_0
    SLICE_X4Y167         FDRE                                         r  music_cnt_reg[10]/CE
  -------------------------------------------------------------------    -------------------

                         (clock sys_clk_pin rise edge)
                                                      0.000     0.000 r  
    W19                                               0.000     0.000 r  clk (IN)
                         net (fo=0)                   0.000     0.000    clk
    W19                  IBUF (Prop_ibuf_I_O)         0.465     0.465 r  clk_IBUF_inst/O
                         net (fo=1, routed)           0.750     1.215    clk_IBUF
    BUFGCTRL_X0Y0        BUFG (Prop_bufg_I_O)         0.029     1.244 r  clk_IBUF_BUFG_inst/O
                         net (fo=183, routed)         0.918     2.161    clk_IBUF_BUFG
    SLICE_X4Y167         FDRE                                         r  music_cnt_reg[10]/C

Slack:                    inf
  Source:                 rst_n
                            (input port)
  Destination:            music_cnt_reg[11]/CE
                            (rising edge-triggered cell FDRE clocked by sys_clk_pin  {rise@0.000ns fall@10.000ns period=20.000ns})
  Path Group:             (none)
  Path Type:              Hold (Min at Fast Process Corner)
  Data Path Delay:        1.348ns  (logic 0.332ns (24.632%)  route 1.016ns (75.368%))
  Logic Levels:           2  (IBUF=1 LUT3=1)
  Clock Path Skew:        2.161ns (DCD - SCD - CPR)
    Destination Clock Delay (DCD):    2.161ns
    Source Clock Delay      (SCD):    0.000ns
    Clock Pessimism Removal (CPR):    -0.000ns

    Location             Delay type                Incr(ns)  Path(ns)    Netlist Resource(s)
  -------------------------------------------------------------------    -------------------
    Y19                                               0.000     0.000 r  rst_n (IN)
                         net (fo=0)                   0.000     0.000    rst_n
    Y19                  IBUF (Prop_ibuf_I_O)         0.287     0.287 r  rst_n_IBUF_inst/O
                         net (fo=3, routed)           0.815     1.102    rst_n_IBUF
    SLICE_X5Y165         LUT3 (Prop_lut3_I0_O)        0.045     1.147 r  music_cnt[27]_i_2/O
                         net (fo=28, routed)          0.201     1.348    music_cnt[27]_i_2_n_0
    SLICE_X4Y167         FDRE                                         r  music_cnt_reg[11]/CE
  -------------------------------------------------------------------    -------------------

                         (clock sys_clk_pin rise edge)
                                                      0.000     0.000 r  
    W19                                               0.000     0.000 r  clk (IN)
                         net (fo=0)                   0.000     0.000    clk
    W19                  IBUF (Prop_ibuf_I_O)         0.465     0.465 r  clk_IBUF_inst/O
                         net (fo=1, routed)           0.750     1.215    clk_IBUF
    BUFGCTRL_X0Y0        BUFG (Prop_bufg_I_O)         0.029     1.244 r  clk_IBUF_BUFG_inst/O
                         net (fo=183, routed)         0.918     2.161    clk_IBUF_BUFG
    SLICE_X4Y167         FDRE                                         r  music_cnt_reg[11]/C





